school,sex,age,address,famsize,Pstatus,Medu,Fedu,Mjob,Fjob,reason,guardian,traveltime,studytime,failures,schoolsup,famsup,paid,activities,nursery,higher,internet,romantic,famrel,freetime,goout,Dalc,Walc,health,absences,G1,G2,G3
-0.36304980043118495,-0.9481763873554655,1.023046454461126,0.5353923338450645,-0.6369410884673211,-2.938391795091903,1.1438556741642336,1.3603706359757965,-1.7697925508386376,1.9931487766707554,-1.040598624677352,0.2739447615623517,0.7922507560739607,-0.04228584588102149,-0.4499436443692835,2.5971326572232862,-1.257656291045065,-0.9196708066060183,-1.0178813654973768,0.5078993831847903,0.23094010767585052,-2.2326774251665835,-0.7084498152194062,0.06219405883392808,-0.23601020446248228,0.8014792996325567,-0.5406986566036541,-1.0037892104979562,-0.3992894854413955,0.03642446420844665,5,6,6
-0.36304980043118495,-0.9481763873554655,0.23837975637929248,0.5353923338450645,-0.6369410884673211,0.34032221355584186,-1.6000086454402538,-1.3999704661326267,-1.7697925508386376,-0.32583139058977023,-1.040598624677352,-1.5917135283881467,-0.6432494670875735,-0.04228584588102149,-0.4499436443692835,-0.38504001604182436,0.795129803842541,-0.9196708066060183,-1.0178813654973768,-1.9688939051854837,0.23094010767585052,0.44789273574770366,-0.7084498152194062,1.178860115170367,-0.23601020446248228,-0.09790798262556814,-0.5406986566036541,-1.0037892104979562,-0.3992894854413955,-0.21379576818001317,5,5,6
-0.36304980043118495,-0.9481763873554655,-1.3309536397843746,0.5353923338450645,1.5700039110466426,0.34032221355584186,-1.6000086454402538,-1.3999704661326267,-1.7697925508386376,-0.32583139058977023,0.6168064428531078,0.2739447615623517,-0.6432494670875735,-0.04228584588102149,3.5893231630367843,2.5971326572232862,-1.257656291045065,1.087345594550762,-1.0178813654973768,0.5078993831847903,0.23094010767585052,0.44789273574770366,-0.7084498152194062,0.06219405883392808,-0.23601020446248228,-0.997295264883693,0.5833853926513113,0.55109995870476,-0.3992894854413955,0.5368649289853663,7,8,10
-0.36304980043118495,-0.9481763873554655,-1.3309536397843746,0.5353923338450645,-0.6369410884673211,0.34032221355584186,1.1438556741642336,-0.4798567654298188,-0.9540771977683203,0.8336586930404926,-0.2118960909121221,0.2739447615623517,-0.6432494670875735,1.1507790914763643,-0.4499436443692835,-0.38504001604182436,0.795129803842541,1.087345594550762,0.9824327607288114,0.5078993831847903,0.23094010767585052,0.44789273574770366,1.4115325863841197,-1.0544719975025107,-1.238419137394531,-0.997295264883693,-0.5406986566036541,-1.0037892104979562,1.0410698456029082,-0.464016000568473,15,14,15
-0.36304980043118495,-0.9481763873554655,-0.5462869417025411,0.5353923338450645,-0.6369410884673211,0.34032221355584186,0.2292342342960711,0.4402569352729889,-0.1383618446980032,-0.32583139058977023,-0.2118960909121221,-1.5917135283881467,-0.6432494670875735,-0.04228584588102149,-0.4499436443692835,-0.38504001604182436,0.795129803842541,1.087345594550762,-1.0178813654973768,0.5078993831847903,0.23094010767585052,-2.2326774251665835,-0.7084498152194062,0.06219405883392808,-0.23601020446248228,-0.997295264883693,-0.5406986566036541,-0.2263446258965981,1.0410698456029082,-0.21379576818001317,6,10,10
-0.36304980043118495,1.0546560886092877,-0.5462869417025411,0.5353923338450645,1.5700039110466426,0.34032221355584186,1.1438556741642336,0.4402569352729889,0.677353508372314,-0.32583139058977023,1.4455089766183378,0.2739447615623517,-0.6432494670875735,-0.04228584588102149,-0.4499436443692835,-0.38504001604182436,0.795129803842541,1.087345594550762,0.9824327607288114,0.5078993831847903,0.23094010767585052,0.44789273574770366,-0.7084498152194062,1.178860115170367,0.7663987284695665,-0.997295264883693,-0.5406986566036541,-0.2263446258965981,1.0410698456029082,0.5368649289853663,15,15,15
-0.36304980043118495,1.0546560886092877,-0.5462869417025411,0.5353923338450645,1.5700039110466426,0.34032221355584186,-0.6853872055720913,-0.4798567654298188,-0.1383618446980032,-0.32583139058977023,-0.2118960909121221,0.2739447615623517,-0.6432494670875735,-0.04228584588102149,-0.4499436443692835,-0.38504001604182436,-1.257656291045065,-0.9196708066060183,-1.0178813654973768,0.5078993831847903,0.23094010767585052,0.44789273574770366,-0.7084498152194062,0.06219405883392808,0.7663987284695665,0.8014792996325567,-0.5406986566036541,-1.0037892104979562,-0.3992894854413955,-0.7142362329569328,12,12,11
-0.36304980043118495,-0.9481763873554655,0.23837975637929248,0.5353923338450645,-0.6369410884673211,-2.938391795091903,1.1438556741642336,1.3603706359757965,-0.1383618446980032,1.9931487766707554,-0.2118960909121221,0.2739447615623517,0.7922507560739607,-0.04228584588102149,-0.4499436443692835,2.5971326572232862,0.795129803842541,-0.9196708066060183,-1.0178813654973768,0.5078993831847903,0.23094010767585052,-2.2326774251665835,-0.7084498152194062,0.06219405883392808,-2.2408280703265797,0.8014792996325567,-0.5406986566036541,-1.0037892104979562,-1.8396488164856992,0.03642446420844665,6,5,6
-0.36304980043118495,1.0546560886092877,-1.3309536397843746,0.5353923338450645,1.5700039110466426,-2.938391795091903,0.2292342342960711,-0.4798567654298188,0.677353508372314,-0.32583139058977023,-0.2118960909121221,0.2739447615623517,-0.6432494670875735,-0.04228584588102149,-0.4499436443692835,-0.38504001604182436,0.795129803842541,1.087345594550762,-1.0178813654973768,0.5078993831847903,0.23094010767585052,0.44789273574770366,-0.7084498152194062,0.06219405883392808,-1.238419137394531,-0.997295264883693,-0.5406986566036541,-1.0037892104979562,-1.8396488164856992,-0.7142362329569328,16,18,19
-0.36304980043118495,1.0546560886092877,-1.3309536397843746,0.5353923338450645,-0.6369410884673211,0.34032221355584186,0.2292342342960711,1.3603706359757965,-0.1383618446980032,-0.32583139058977023,-0.2118960909121221,0.2739447615623517,-0.6432494670875735,-0.04228584588102149,-0.4499436443692835,-0.38504001604182436,0.795129803842541,1.087345594550762,0.9824327607288114,0.5078993831847903,0.23094010767585052,0.44789273574770366,-0.7084498152194062,1.178860115170367,1.7688076614016153,-1.896682547141818,-0.5406986566036541,-1.0037892104979562,1.0410698456029082,-0.7142362329569328,14,15,15
-0.36304980043118495,-0.9481763873554655,-1.3309536397843746,0.5353923338450645,-0.6369410884673211,0.34032221355584186,1.1438556741642336,1.3603706359757965,1.4930688614426313,-1.4853214742200331,1.4455089766183378,0.2739447615623517,-0.6432494670875735,-0.04228584588102149,-0.4499436443692835,-0.38504001604182436,0.795129803842541,1.087345594550762,-1.0178813654973768,0.5078993831847903,0.23094010767585052,0.44789273574770366,-0.7084498152194062,-1.0544719975025107,-0.23601020446248228,-0.09790798262556814,-0.5406986566036541,-0.2263446258965981,-1.1194691509635473,-0.7142362329569328,10,8,9
-0.36304980043118495,-0.9481763873554655,-1.3309536397843746,0.5353923338450645,-0.6369410884673211,0.34032221355584186,-0.6853872055720913,-1.3999704661326267,0.677353508372314,-0.32583139058977023,1.4455089766183378,-1.5917135283881467,2.227750979235495,1.1507790914763643,-0.4499436443692835,-0.38504001604182436,0.795129803842541,-0.9196708066060183,0.9824327607288114,0.5078993831847903,0.23094010767585052,0.44789273574770366,-0.7084498152194062,1.178860115170367,-1.238419137394531,-0.997295264883693,-0.5406986566036541,-1.0037892104979562,0.32089018008075637,-0.21379576818001317,10,12,12
-0.36304980043118495,1.0546560886092877,-1.3309536397843746,0.5353923338450645,1.5700039110466426,0.34032221355584186,1.1438556741642336,1.3603706359757965,-0.9540771977683203,0.8336586930404926,-1.040598624677352,-1.5917135283881467,-0.6432494670875735,-1.2353507832384072,-0.4499436443692835,-0.38504001604182436,0.795129803842541,1.087345594550762,0.9824327607288114,0.5078993831847903,0.23094010767585052,0.44789273574770366,-0.7084498152194062,0.06219405883392808,-0.23601020446248228,-0.09790798262556814,-0.5406986566036541,0.55109995870476,1.0410698456029082,-0.464016000568473,14,14,14
-0.36304980043118495,1.0546560886092877,-1.3309536397843746,0.5353923338450645,-0.6369410884673211,0.34032221355584186,1.1438556741642336,0.4402569352729889,1.4930688614426313,-0.32583139058977023,-1.040598624677352,0.2739447615623517,0.7922507560739607,-0.04228584588102149,-0.4499436443692835,-0.38504001604182436,0.795129803842541,1.087345594550762,-1.0178813654973768,0.5078993831847903,0.23094010767585052,0.44789273574770366,-0.7084498152194062,1.178860115170367,0.7663987284695665,-0.09790798262556814,-0.5406986566036541,-0.2263446258965981,-0.3992894854413955,-0.464016000568473,10,10,11
-0.36304980043118495,1.0546560886092877,-1.3309536397843746,0.5353923338450645,-0.6369410884673211,-2.938391795091903,-0.6853872055720913,-0.4798567654298188,-0.1383618446980032,-0.32583139058977023,-0.2118960909121221,2.13960305151285,-0.6432494670875735,1.1507790914763643,-0.4499436443692835,-0.38504001604182436,0.795129803842541,-0.9196708066060183,-1.0178813654973768,0.5078993831847903,0.23094010767585052,0.44789273574770366,1.4115325863841197,0.06219405883392808,1.7688076614016153,-0.997295264883693,-0.5406986566036541,-1.0037892104979562,-0.3992894854413955,-0.7142362329569328,14,16,16
-0.36304980043118495,-0.9481763873554655,-0.5462869417025411,0.5353923338450645,-0.6369410884673211,0.34032221355584186,1.1438556741642336,1.3603706359757965,-0.9540771977683203,-0.32583139058977023,-0.2118960909121221,0.2739447615623517,-0.6432494670875735,-1.2353507832384072,-0.4499436443692835,-0.38504001604182436,0.795129803842541,-0.9196708066060183,-1.0178813654973768,0.5078993831847903,0.23094010767585052,0.44789273574770366,-0.7084498152194062,0.06219405883392808,0.7663987284695665,0.8014792996325567,-0.5406986566036541,-0.2263446258965981,-1.1194691509635473,-0.21379576818001317,14,14,14
-0.36304980043118495,-0.9481763873554655,-0.5462869417025411,0.5353923338450645,-0.6369410884673211,0.34032221355584186,1.1438556741642336,1.3603706359757965,0.677353508372314,0.8336586930404926,1.4455089766183378,0.2739447615623517,-0.6432494670875735,1.1507790914763643,-0.4499436443692835,-0.38504001604182436,0.795129803842541,1.087345594550762,0.9824327607288114,0.5078993831847903,0.23094010767585052,0.44789273574770366,-0.7084498152194062,-1.0544719975025107,-1.238419137394531,-0.09790798262556814,-0.5406986566036541,-0.2263446258965981,-1.1194691509635473,0.03642446420844665,13,14,14
-0.36304980043118495,-0.9481763873554655,-0.5462869417025411,0.5353923338450645,-0.6369410884673211,0.34032221355584186,0.2292342342960711,0.4402569352729889,-0.1383618446980032,-0.32583139058977023,1.4455089766183378,0.2739447615623517,2.227750979235495,-0.04228584588102149,-0.4499436443692835,2.5971326572232862,0.795129803842541,-0.9196708066060183,0.9824327607288114,0.5078993831847903,0.23094010767585052,-2.2326774251665835,-0.7084498152194062,1.178860115170367,-0.23601020446248228,-0.997295264883693,-0.5406986566036541,-1.0037892104979562,0.32089018008075637,-0.21379576818001317,8,10,10
-0.36304980043118495,1.0546560886092877,0.23837975637929248,0.5353923338450645,-0.6369410884673211,0.34032221355584186,0.2292342342960711,-0.4798567654298188,0.677353508372314,0.8336586930404926,-1.040598624677352,0.2739447615623517,-0.6432494670875735,-1.2353507832384072,3.5893231630367843,-0.38504001604182436,0.795129803842541,-0.9196708066060183,0.9824327607288114,0.5078993831847903,0.23094010767585052,0.44789273574770366,-0.7084498152194062,1.178860115170367,1.7688076614016153,1.7008665818906816,0.5833853926513113,1.328544543306118,1.0410698456029082,1.2875256261507457,6,5,5
-0.36304980043118495,1.0546560886092877,-0.5462869417025411,0.5353923338450645,1.5700039110466426,0.34032221355584186,1.1438556741642336,0.4402569352729889,-0.9540771977683203,-0.32583139058977023,-0.2118960909121221,-1.5917135283881467,-0.6432494670875735,-1.2353507832384072,-0.4499436443692835,-0.38504001604182436,-1.257656291045065,1.087345594550762,0.9824327607288114,0.5078993831847903,0.23094010767585052,0.44789273574770366,-0.7084498152194062,-1.0544719975025107,-2.2408280703265797,-0.09790798262556814,-0.5406986566036541,0.55109995870476,1.0410698456029082,-0.21379576818001317,8,10,10
-0.36304980043118495,1.0546560886092877,-1.3309536397843746,0.5353923338450645,-0.6369410884673211,0.34032221355584186,1.1438556741642336,0.4402569352729889,1.4930688614426313,-0.32583139058977023,1.4455089766183378,0.2739447615623517,-0.6432494670875735,-0.04228584588102149,-0.4499436443692835,-0.38504001604182436,-1.257656291045065,-0.9196708066060183,-1.0178813654973768,0.5078993831847903,0.23094010767585052,0.44789273574770366,-0.7084498152194062,0.06219405883392808,0.7663987284695665,-1.896682547141818,-0.5406986566036541,-1.0037892104979562,-1.8396488164856992,-0.7142362329569328,13,14,15
-0.36304980043118495,1.0546560886092877,-1.3309536397843746,0.5353923338450645,-0.6369410884673211,0.34032221355584186,1.1438556741642336,1.3603706359757965,-0.9540771977683203,-1.4853214742200331,0.6168064428531078,-1.5917135283881467,-0.6432494670875735,-1.2353507832384072,-0.4499436443692835,-0.38504001604182436,0.795129803842541,1.087345594550762,-1.0178813654973768,0.5078993831847903,0.23094010767585052,0.44789273574770366,-0.7084498152194062,1.178860115170367,0.7663987284695665,-0.997295264883693,-0.5406986566036541,-1.0037892104979562,1.0410698456029082,-0.7142362329569328,12,15,15
-0.36304980043118495,1.0546560886092877,-0.5462869417025411,0.5353923338450645,1.5700039110466426,0.34032221355584186,1.1438556741642336,-0.4798567654298188,1.4930688614426313,-0.32583139058977023,-1.040598624677352,0.2739447615623517,-0.6432494670875735,-0.04228584588102149,-0.4499436443692835,-0.38504001604182436,-1.257656291045065,-0.9196708066060183,0.9824327607288114,0.5078993831847903,0.23094010767585052,0.44789273574770366,-0.7084498152194062,0.06219405883392808,1.7688076614016153,-1.896682547141818,-0.5406986566036541,0.55109995870476,1.0410698456029082,-0.464016000568473,15,15,16
-0.36304980043118495,1.0546560886092877,-0.5462869417025411,0.5353923338450645,1.5700039110466426,0.34032221355584186,-0.6853872055720913,-0.4798567654298188,-0.1383618446980032,-0.32583139058977023,1.4455089766183378,0.2739447615623517,0.7922507560739607,-0.04228584588102149,-0.4499436443692835,-0.38504001604182436,0.795129803842541,-0.9196708066060183,0.9824327607288114,0.5078993831847903,0.23094010767585052,0.44789273574770366,-0.7084498152194062,1.178860115170367,0.7663987284695665,0.8014792996325567,0.5833853926513113,1.328544543306118,1.0410698456029082,-0.7142362329569328,13,13,12
-0.36304980043118495,-0.9481763873554655,-1.3309536397843746,-1.8677891646640323,-0.6369410884673211,0.34032221355584186,-0.6853872055720913,1.3603706359757965,0.677353508372314,-1.4853214742200331,-1.040598624677352,0.2739447615623517,-0.6432494670875735,1.1507790914763643,-0.4499436443692835,2.5971326572232862,0.795129803842541,1.087345594550762,0.9824327607288114,0.5078993831847903,0.23094010767585052,0.44789273574770366,-0.7084498152194062,0.06219405883392808,-0.23601020446248228,-0.997295264883693,-0.5406986566036541,-1.0037892104979562,1.0410698456029082,-0.464016000568473,10,9,8
-0.36304980043118495,-0.9481763873554655,-0.5462869417025411,0.5353923338450645,-0.6369410884673211,0.34032221355584186,-0.6853872055720913,-0.4798567654298188,0.677353508372314,0.8336586930404926,-0.2118960909121221,0.2739447615623517,-0.6432494670875735,-1.2353507832384072,2.2429008939014285,-0.38504001604182436,0.795129803842541,1.087345594550762,-1.0178813654973768,-1.9688939051854837,0.23094010767585052,0.44789273574770366,-0.7084498152194062,-3.2878041101753888,-1.238419137394531,-0.997295264883693,-0.5406986566036541,0.55109995870476,1.0410698456029082,1.0373053937622858,6,9,8
-0.36304980043118495,1.0546560886092877,-1.3309536397843746,0.5353923338450645,-0.6369410884673211,0.34032221355584186,-0.6853872055720913,-0.4798567654298188,-0.1383618446980032,-0.32583139058977023,-0.2118960909121221,0.2739447615623517,-0.6432494670875735,-1.2353507832384072,-0.4499436443692835,-0.38504001604182436,0.795129803842541,1.087345594550762,-1.0178813654973768,0.5078993831847903,0.23094010767585052,0.44789273574770366,-0.7084498152194062,0.06219405883392808,-1.238419137394531,-0.997295264883693,-0.5406986566036541,-0.2263446258965981,1.0410698456029082,-0.464016000568473,12,12,11
-0.36304980043118495,1.0546560886092877,-1.3309536397843746,0.5353923338450645,-0.6369410884673211,0.34032221355584186,1.1438556741642336,-0.4798567654298188,-0.9540771977683203,0.8336586930404926,0.6168064428531078,0.2739447615623517,-0.6432494670875735,-1.2353507832384072,-0.4499436443692835,-0.38504001604182436,-1.257656291045065,1.087345594550762,-1.0178813654973768,0.5078993831847903,0.23094010767585052,0.44789273574770366,-0.7084498152194062,-2.1711380538389498,-1.238419137394531,0.8014792996325567,0.5833853926513113,1.328544543306118,-1.8396488164856992,-0.21379576818001317,15,16,15
-0.36304980043118495,1.0546560886092877,-0.5462869417025411,0.5353923338450645,1.5700039110466426,-2.938391795091903,0.2292342342960711,1.3603706359757965,0.677353508372314,-0.32583139058977023,-0.2118960909121221,0.2739447615623517,-0.6432494670875735,-0.04228584588102149,-0.4499436443692835,2.5971326572232862,0.795129803842541,-0.9196708066060183,0.9824327607288114,0.5078993831847903,0.23094010767585052,0.44789273574770366,-0.7084498152194062,1.178860115170367,-0.23601020446248228,-0.09790798262556814,-0.5406986566036541,-1.0037892104979562,1.0410698456029082,-0.21379576818001317,11,11,11
-0.36304980043118495,1.0546560886092877,-0.5462869417025411,0.5353923338450645,-0.6369410884673211,0.34032221355584186,1.1438556741642336,1.3603706359757965,1.4930688614426313,1.9931487766707554,-0.2118960909121221,0.2739447615623517,-0.6432494670875735,-0.04228584588102149,-0.4499436443692835,-0.38504001604182436,0.795129803842541,1.087345594550762,0.9824327607288114,0.5078993831847903,0.23094010767585052,0.44789273574770366,1.4115325863841197,0.06219405883392808,0.7663987284695665,1.7008665818906816,3.955637540416207,2.1059891279074763,1.0410698456029082,1.2875256261507457,10,12,11
-0.36304980043118495,1.0546560886092877,-1.3309536397843746,0.5353923338450645,-0.6369410884673211,0.34032221355584186,1.1438556741642336,1.3603706359757965,-0.9540771977683203,0.8336586930404926,-0.2118960909121221,0.2739447615623517,-0.6432494670875735,-0.04228584588102149,-0.4499436443692835,-0.38504001604182436,0.795129803842541,1.087345594550762,-1.0178813654973768,-1.9688939051854837,0.23094010767585052,0.44789273574770366,-0.7084498152194062,1.178860115170367,0.7663987284695665,-0.997295264883693,1.7074694419062766,1.328544543306118,1.0410698456029082,-0.7142362329569328,9,11,12
-0.36304980043118495,1.0546560886092877,-1.3309536397843746,0.5353923338450645,-0.6369410884673211,0.34032221355584186,1.1438556741642336,1.3603706359757965,0.677353508372314,0.8336586930404926,1.4455089766183378,0.2739447615623517,0.7922507560739607,-0.04228584588102149,-0.4499436443692835,-0.38504001604182436,0.795129803842541,-0.9196708066060183,0.9824327607288114,0.5078993831847903,0.23094010767585052,0.44789273574770366,-0.7084498152194062,0.06219405883392808,-0.23601020446248228,-1.896682547141818,-0.5406986566036541,-1.0037892104979562,1.0410698456029082,-0.7142362329569328,17,16,17
-0.36304980043118495,1.0546560886092877,-1.3309536397843746,-1.8677891646640323,-0.6369410884673211,0.34032221355584186,1.1438556741642336,0.4402569352729889,1.4930688614426313,-2.644811557850296,-1.040598624677352,0.2739447615623517,-0.6432494670875735,-0.04228584588102149,-0.4499436443692835,-0.38504001604182436,0.795129803842541,-0.9196708066060183,0.9824327607288114,0.5078993831847903,0.23094010767585052,0.44789273574770366,1.4115325863841197,0.06219405883392808,1.7688076614016153,-0.997295264883693,-0.5406986566036541,-1.0037892104979562,1.0410698456029082,-0.7142362329569328,17,16,16
-0.36304980043118495,1.0546560886092877,-1.3309536397843746,0.5353923338450645,1.5700039110466426,0.34032221355584186,0.2292342342960711,0.4402569352729889,-0.1383618446980032,-0.32583139058977023,-1.040598624677352,0.2739447615623517,-0.6432494670875735,-0.04228584588102149,-0.4499436443692835,-0.38504001604182436,-1.257656291045065,-0.9196708066060183,0.9824327607288114,-1.9688939051854837,0.23094010767585052,0.44789273574770366,-0.7084498152194062,1.178860115170367,-0.23601020446248228,-0.997295264883693,-0.5406986566036541,-1.0037892104979562,-1.1194691509635473,-0.7142362329569328,8,10,12
-0.36304980043118495,1.0546560886092877,-0.5462869417025411,0.5353923338450645,-0.6369410884673211,0.34032221355584186,0.2292342342960711,-0.4798567654298188,-0.1383618446980032,-0.32583139058977023,-0.2118960909121221,0.2739447615623517,-0.6432494670875735,-1.2353507832384072,-0.4499436443692835,-0.38504001604182436,0.795129803842541,1.087345594550762,-1.0178813654973768,-1.9688939051854837,0.23094010767585052,0.44789273574770366,-0.7084498152194062,1.178860115170367,0.7663987284695665,-0.09790798262556814,-0.5406986566036541,-1.0037892104979562,1.0410698456029082,-0.7142362329569328,12,14,15
-0.36304980043118495,-0.9481763873554655,-1.3309536397843746,0.5353923338450645,-0.6369410884673211,0.34032221355584186,-0.6853872055720913,0.4402569352729889,-0.1383618446980032,-0.32583139058977023,0.6168064428531078,-1.5917135283881467,0.7922507560739607,-1.2353507832384072,-0.4499436443692835,-0.38504001604182436,0.795129803842541,-0.9196708066060183,0.9824327607288114,0.5078993831847903,0.23094010767585052,-2.2326774251665835,-0.7084498152194062,-1.0544719975025107,1.7688076614016153,-1.896682547141818,-0.5406986566036541,-1.0037892104979562,1.0410698456029082,-0.7142362329569328,8,7,6
-0.36304980043118495,1.0546560886092877,-1.3309536397843746,0.5353923338450645,1.5700039110466426,0.34032221355584186,1.1438556741642336,0.4402569352729889,1.4930688614426313,0.8336586930404926,-0.2118960909121221,0.2739447615623517,-0.6432494670875735,1.1507790914763643,-0.4499436443692835,-0.38504001604182436,0.795129803842541,-0.9196708066060183,0.9824327607288114,0.5078993831847903,0.23094010767585052,0.44789273574770366,-0.7084498152194062,1.178860115170367,0.7663987284695665,-0.09790798262556814,-0.5406986566036541,-1.0037892104979562,0.32089018008075637,-0.464016000568473,15,16,18
-0.36304980043118495,1.0546560886092877,-0.5462869417025411,-1.8677891646640323,-0.6369410884673211,-2.938391795091903,1.1438556741642336,1.3603706359757965,-0.1383618446980032,1.9931487766707554,1.4455089766183378,0.2739447615623517,0.7922507560739607,1.1507790914763643,-0.4499436443692835,-0.38504001604182436,0.795129803842541,-0.9196708066060183,0.9824327607288114,0.5078993831847903,0.23094010767585052,0.44789273574770366,1.4115325863841197,-2.1711380538389498,0.7663987284695665,-0.09790798262556814,-0.5406986566036541,-1.0037892104979562,1.0410698456029082,0.16153458040267657,15,16,15
-0.36304980043118495,-0.9481763873554655,-1.3309536397843746,-1.8677891646640323,-0.6369410884673211,0.34032221355584186,0.2292342342960711,1.3603706359757965,0.677353508372314,-1.4853214742200331,-1.040598624677352,0.2739447615623517,-0.6432494670875735,1.1507790914763643,-0.4499436443692835,2.5971326572232862,0.795129803842541,1.087345594550762,0.9824327607288114,0.5078993831847903,0.23094010767585052,0.44789273574770366,-0.7084498152194062,0.06219405883392808,-0.23601020446248228,-0.997295264883693,-0.5406986566036541,-1.0037892104979562,1.0410698456029082,-0.464016000568473,12,12,11
-0.36304980043118495,-0.9481763873554655,-1.3309536397843746,-1.8677891646640323,-0.6369410884673211,0.34032221355584186,-0.6853872055720913,-0.4798567654298188,-1.7697925508386376,-0.32583139058977023,1.4455089766183378,0.2739447615623517,-0.6432494670875735,-1.2353507832384072,-0.4499436443692835,2.5971326572232862,0.795129803842541,1.087345594550762,0.9824327607288114,0.5078993831847903,0.23094010767585052,-2.2326774251665835,-0.7084498152194062,0.06219405883392808,-0.23601020446248228,-1.896682547141818,-0.5406986566036541,-1.0037892104979562,-1.1194691509635473,0.28664469659690645,14,13,13
-0.36304980043118495,-0.9481763873554655,-0.5462869417025411,0.5353923338450645,1.5700039110466426,0.34032221355584186,-0.6853872055720913,-0.4798567654298188,-0.1383618446980032,-0.32583139058977023,-0.2118960909121221,0.2739447615623517,0.7922507560739607,-0.04228584588102149,0.8964786247660724,-0.38504001604182436,0.795129803842541,-0.9196708066060183,0.9824327607288114,-1.9688939051854837,0.23094010767585052,0.44789273574770366,1.4115325863841197,-1.0544719975025107,-0.23601020446248228,-0.09790798262556814,-0.5406986566036541,-0.2263446258965981,-0.3992894854413955,2.413516671898815,7,10,11
-0.36304980043118495,1.0546560886092877,-1.3309536397843746,0.5353923338450645,1.5700039110466426,0.34032221355584186,1.1438556741642336,1.3603706359757965,1.4930688614426313,-0.32583139058977023,-0.2118960909121221,2.13960305151285,-0.6432494670875735,-1.2353507832384072,-0.4499436443692835,-0.38504001604182436,0.795129803842541,-0.9196708066060183,-1.0178813654973768,-1.9688939051854837,0.23094010767585052,0.44789273574770366,1.4115325863841197,1.178860115170367,0.7663987284695665,-0.09790798262556814,0.5833853926513113,1.328544543306118,1.0410698456029082,0.28664469659690645,12,12,12
-0.36304980043118495,1.0546560886092877,-1.3309536397843746,0.5353923338450645,-0.6369410884673211,0.34032221355584186,1.1438556741642336,1.3603706359757965,0.677353508372314,1.9931487766707554,-1.040598624677352,-1.5917135283881467,-0.6432494670875735,-0.04228584588102149,-0.4499436443692835,-0.38504001604182436,0.795129803842541,-0.9196708066060183,0.9824327607288114,0.5078993831847903,0.23094010767585052,0.44789273574770366,-0.7084498152194062,0.06219405883392808,-0.23601020446248228,-0.09790798262556814,-0.5406986566036541,-1.0037892104979562,1.0410698456029082,-0.464016000568473,19,18,18
-0.36304980043118495,1.0546560886092877,-1.3309536397843746,0.5353923338450645,-0.6369410884673211,0.34032221355584186,-0.6853872055720913,-0.4798567654298188,0.677353508372314,0.8336586930404926,-1.040598624677352,-1.5917135283881467,-0.6432494670875735,-1.2353507832384072,-0.4499436443692835,2.5971326572232862,0.795129803842541,-0.9196708066060183,-1.0178813654973768,0.5078993831847903,0.23094010767585052,0.44789273574770366,-0.7084498152194062,1.178860115170367,0.7663987284695665,-1.896682547141818,-0.5406986566036541,-1.0037892104979562,-1.8396488164856992,-0.7142362329569328,8,8,11
-0.36304980043118495,-0.9481763873554655,-0.5462869417025411,0.5353923338450645,1.5700039110466426,0.34032221355584186,-0.6853872055720913,-0.4798567654298188,-0.1383618446980032,-2.644811557850296,-1.040598624677352,-1.5917135283881467,0.7922507560739607,-0.04228584588102149,0.8964786247660724,2.5971326572232862,-1.257656291045065,-0.9196708066060183,0.9824327607288114,0.5078993831847903,0.23094010767585052,0.44789273574770366,-0.7084498152194062,0.06219405883392808,-0.23601020446248228,-0.09790798262556814,0.5833853926513113,-0.2263446258965981,1.0410698456029082,1.0373053937622858,10,10,9
-0.36304980043118495,-0.9481763873554655,-1.3309536397843746,0.5353923338450645,1.5700039110466426,-2.938391795091903,1.1438556741642336,0.4402569352729889,-0.1383618446980032,-0.32583139058977023,-1.040598624677352,0.2739447615623517,-0.6432494670875735,-0.04228584588102149,-0.4499436443692835,2.5971326572232862,0.795129803842541,1.087345594550762,0.9824327607288114,0.5078993831847903,0.23094010767585052,0.44789273574770366,1.4115325863841197,1.178860115170367,-1.238419137394531,-0.997295264883693,-0.5406986566036541,-1.0037892104979562,1.0410698456029082,0.28664469659690645,8,8,6
-0.36304980043118495,-0.9481763873554655,-0.5462869417025411,0.5353923338450645,1.5700039110466426,-2.938391795091903,0.2292342342960711,0.4402569352729889,-0.1383618446980032,0.8336586930404926,-0.2118960909121221,0.2739447615623517,-0.6432494670875735,-0.04228584588102149,-0.4499436443692835,-0.38504001604182436,0.795129803842541,-0.9196708066060183,-1.0178813654973768,0.5078993831847903,0.23094010767585052,0.44789273574770366,-0.7084498152194062,-2.1711380538389498,-0.23601020446248228,1.7008665818906816,-0.5406986566036541,1.328544543306118,-0.3992894854413955,0.7870851613738261,11,12,11
-0.36304980043118495,1.0546560886092877,-0.5462869417025411,0.5353923338450645,-0.6369410884673211,0.34032221355584186,1.1438556741642336,0.4402569352729889,-0.9540771977683203,0.8336586930404926,1.4455089766183378,0.2739447615623517,-0.6432494670875735,2.34384402883375,-0.4499436443692835,-0.38504001604182436,-1.257656291045065,-0.9196708066060183,0.9824327607288114,0.5078993831847903,0.23094010767585052,0.44789273574770366,-0.7084498152194062,0.06219405883392808,-1.238419137394531,-0.997295264883693,-0.5406986566036541,-1.0037892104979562,-1.1194691509635473,-0.21379576818001317,19,19,20
-0.36304980043118495,1.0546560886092877,-1.3309536397843746,0.5353923338450645,-0.6369410884673211,0.34032221355584186,1.1438556741642336,-0.4798567654298188,1.4930688614426313,-0.32583139058977023,-0.2118960909121221,0.2739447615623517,-0.6432494670875735,-0.04228584588102149,-0.4499436443692835,-0.38504001604182436,0.795129803842541,1.087345594550762,-1.0178813654973768,0.5078993831847903,0.23094010767585052,-2.2326774251665835,-0.7084498152194062,0.06219405883392808,-0.23601020446248228,-0.09790798262556814,0.5833853926513113,-0.2263446258965981,1.0410698456029082,-0.464016000568473,15,15,14
-0.36304980043118495,-0.9481763873554655,-1.3309536397843746,0.5353923338450645,-0.6369410884673211,0.34032221355584186,1.1438556741642336,1.3603706359757965,0.677353508372314,1.9931487766707554,0.6168064428531078,-1.5917135283881467,-0.6432494670875735,-0.04228584588102149,0.8964786247660724,2.5971326572232862,0.795129803842541,-0.9196708066060183,0.9824327607288114,-1.9688939051854837,0.23094010767585052,0.44789273574770366,-0.7084498152194062,0.06219405883392808,0.7663987284695665,0.8014792996325567,-0.5406986566036541,-1.0037892104979562,-0.3992894854413955,-0.464016000568473,7,7,7
-0.36304980043118495,-0.9481763873554655,-0.5462869417025411,0.5353923338450645,1.5700039110466426,0.34032221355584186,-0.6853872055720913,-0.4798567654298188,0.677353508372314,0.8336586930404926,-1.040598624677352,0.2739447615623517,2.227750979235495,-0.04228584588102149,-0.4499436443692835,-0.38504001604182436,0.795129803842541,1.087345594550762,-1.0178813654973768,0.5078993831847903,0.23094010767585052,0.44789273574770366,-0.7084498152194062,0.06219405883392808,-0.23601020446248228,-0.09790798262556814,0.5833853926513113,0.55109995870476,0.32089018008075637,-0.464016000568473,12,13,13
-0.36304980043118495,-0.9481763873554655,-1.3309536397843746,0.5353923338450645,1.5700039110466426,0.34032221355584186,1.1438556741642336,-0.4798567654298188,-0.9540771977683203,-0.32583139058977023,0.6168064428531078,0.2739447615623517,-0.6432494670875735,-0.04228584588102149,-0.4499436443692835,-0.38504001604182436,0.795129803842541,1.087345594550762,-1.0178813654973768,0.5078993831847903,0.23094010767585052,0.44789273574770366,-0.7084498152194062,0.06219405883392808,-0.23601020446248228,-0.09790798262556814,-0.5406986566036541,-1.0037892104979562,1.0410698456029082,-0.464016000568473,11,13,13
-0.36304980043118495,1.0546560886092877,-1.3309536397843746,0.5353923338450645,1.5700039110466426,-2.938391795091903,1.1438556741642336,-0.4798567654298188,-0.9540771977683203,-1.4853214742200331,0.6168064428531078,-1.5917135283881467,0.7922507560739607,-1.2353507832384072,0.8964786247660724,-0.38504001604182436,-1.257656291045065,-0.9196708066060183,-1.0178813654973768,0.5078993831847903,0.23094010767585052,-2.2326774251665835,-0.7084498152194062,1.178860115170367,1.7688076614016153,1.7008665818906816,1.7074694419062766,1.328544543306118,1.0410698456029082,0.03642446420844665,11,11,10
-0.36304980043118495,-0.9481763873554655,-1.3309536397843746,0.5353923338450645,-0.6369410884673211,0.34032221355584186,1.1438556741642336,1.3603706359757965,0.677353508372314,0.8336586930404926,-1.040598624677352,0.2739447615623517,-0.6432494670875735,-1.2353507832384072,-0.4499436443692835,2.5971326572232862,0.795129803842541,1.087345594550762,-1.0178813654973768,0.5078993831847903,0.23094010767585052,0.44789273574770366,-0.7084498152194062,-1.0544719975025107,-0.23601020446248228,0.8014792996325567,0.5833853926513113,0.55109995870476,1.0410698456029082,-0.7142362329569328,8,10,11
-0.36304980043118495,-0.9481763873554655,-1.3309536397843746,0.5353923338450645,1.5700039110466426,-2.938391795091903,0.2292342342960711,0.4402569352729889,-0.1383618446980032,-0.32583139058977023,0.6168064428531078,0.2739447615623517,-0.6432494670875735,-1.2353507832384072,-0.4499436443692835,-0.38504001604182436,-1.257656291045065,1.087345594550762,-1.0178813654973768,0.5078993831847903,0.23094010767585052,0.44789273574770366,-0.7084498152194062,1.178860115170367,-0.23601020446248228,0.8014792996325567,2.831553491161242,1.328544543306118,-1.8396488164856992,0.03642446420844665,10,13,13
-0.36304980043118495,-0.9481763873554655,-0.5462869417025411,0.5353923338450645,-0.6369410884673211,-2.938391795091903,-0.6853872055720913,-1.3999704661326267,-0.1383618446980032,-0.32583139058977023,0.6168064428531078,0.2739447615623517,-0.6432494670875735,-0.04228584588102149,-0.4499436443692835,-0.38504001604182436,-1.257656291045065,1.087345594550762,0.9824327607288114,0.5078993831847903,0.23094010767585052,0.44789273574770366,1.4115325863841197,1.178860115170367,-0.23601020446248228,0.8014792996325567,-0.5406986566036541,-1.0037892104979562,-1.1194691509635473,0.28664469659690645,8,9,10
-0.36304980043118495,-0.9481763873554655,-1.3309536397843746,0.5353923338450645,-0.6369410884673211,-2.938391795091903,1.1438556741642336,0.4402569352729889,0.677353508372314,0.8336586930404926,1.4455089766183378,0.2739447615623517,-0.6432494670875735,-0.04228584588102149,-0.4499436443692835,-0.38504001604182436,0.795129803842541,1.087345594550762,0.9824327607288114,0.5078993831847903,0.23094010767585052,0.44789273574770366,-0.7084498152194062,0.06219405883392808,-0.23601020446248228,-0.997295264883693,-0.5406986566036541,-1.0037892104979562,-1.8396488164856992,-0.7142362329569328,14,15,15
-0.36304980043118495,1.0546560886092877,-1.3309536397843746,0.5353923338450645,-0.6369410884673211,0.34032221355584186,1.1438556741642336,1.3603706359757965,1.4930688614426313,-1.4853214742200331,1.4455089766183378,0.2739447615623517,-0.6432494670875735,-0.04228584588102149,-0.4499436443692835,-0.38504001604182436,0.795129803842541,-0.9196708066060183,0.9824327607288114,0.5078993831847903,0.23094010767585052,-2.2326774251665835,-0.7084498152194062,-1.0544719975025107,-1.238419137394531,-0.997295264883693,-0.5406986566036541,-1.0037892104979562,1.0410698456029082,-0.21379576818001317,14,15,15
-0.36304980043118495,1.0546560886092877,-1.3309536397843746,0.5353923338450645,1.5700039110466426,0.34032221355584186,-1.6000086454402538,-0.4798567654298188,-0.1383618446980032,-2.644811557850296,-0.2118960909121221,-1.5917135283881467,-0.6432494670875735,-0.04228584588102149,-0.4499436443692835,2.5971326572232862,0.795129803842541,-0.9196708066060183,0.9824327607288114,0.5078993831847903,0.23094010767585052,0.44789273574770366,-0.7084498152194062,0.06219405883392808,-0.23601020446248228,-0.997295264883693,-0.5406986566036541,-1.0037892104979562,1.0410698456029082,-0.464016000568473,9,10,9
-0.36304980043118495,-0.9481763873554655,-0.5462869417025411,0.5353923338450645,-0.6369410884673211,0.34032221355584186,1.1438556741642336,-0.4798567654298188,0.677353508372314,-0.32583139058977023,-1.040598624677352,0.2739447615623517,-0.6432494670875735,-0.04228584588102149,-0.4499436443692835,-0.38504001604182436,0.795129803842541,-0.9196708066060183,-1.0178813654973768,0.5078993831847903,0.23094010767585052,0.44789273574770366,-0.7084498152194062,0.06219405883392808,-1.238419137394531,-0.09790798262556814,-0.5406986566036541,-1.0037892104979562,1.0410698456029082,-0.464016000568473,15,16,16
-0.36304980043118495,-0.9481763873554655,-0.5462869417025411,-1.8677891646640323,-0.6369410884673211,0.34032221355584186,1.1438556741642336,1.3603706359757965,-0.9540771977683203,1.9931487766707554,0.6168064428531078,0.2739447615623517,-0.6432494670875735,-0.04228584588102149,-0.4499436443692835,-0.38504001604182436,0.795129803842541,-0.9196708066060183,0.9824327607288114,0.5078993831847903,0.23094010767585052,-2.2326774251665835,-0.7084498152194062,-2.1711380538389498,0.7663987284695665,0.8014792996325567,0.5833853926513113,0.55109995870476,0.32089018008075637,0.03642446420844665,10,11,11
-0.36304980043118495,-0.9481763873554655,-0.5462869417025411,0.5353923338450645,-0.6369410884673211,0.34032221355584186,-1.6000086454402538,-1.3999704661326267,0.677353508372314,0.8336586930404926,-1.040598624677352,-1.5917135283881467,3.663251202397029,-1.2353507832384072,-0.4499436443692835,2.5971326572232862,0.795129803842541,-0.9196708066060183,0.9824327607288114,-1.9688939051854837,0.23094010767585052,0.44789273574770366,1.4115325863841197,1.178860115170367,1.7688076614016153,1.7008665818906816,3.955637540416207,2.1059891279074763,1.0410698456029082,0.03642446420844665,10,8,11
-0.36304980043118495,-0.9481763873554655,-0.5462869417025411,0.5353923338450645,1.5700039110466426,0.34032221355584186,-1.6000086454402538,-0.4798567654298188,-0.1383618446980032,0.8336586930404926,1.4455089766183378,-1.5917135283881467,-0.6432494670875735,-0.04228584588102149,-0.4499436443692835,2.5971326572232862,-1.257656291045065,-0.9196708066060183,0.9824327607288114,0.5078993831847903,0.23094010767585052,0.44789273574770366,-0.7084498152194062,0.06219405883392808,0.7663987284695665,-0.09790798262556814,-0.5406986566036541,-1.0037892104979562,-1.8396488164856992,-0.21379576818001317,8,10,9
-0.36304980043118495,-0.9481763873554655,-0.5462869417025411,0.5353923338450645,-0.6369410884673211,0.34032221355584186,1.1438556741642336,0.4402569352729889,1.4930688614426313,-1.4853214742200331,-0.2118960909121221,0.2739447615623517,-0.6432494670875735,1.1507790914763643,-0.4499436443692835,2.5971326572232862,0.795129803842541,1.087345594550762,0.9824327607288114,0.5078993831847903,0.23094010767585052,0.44789273574770366,-0.7084498152194062,-1.0544719975025107,0.7663987284695665,0.8014792996325567,0.5833853926513113,1.328544543306118,0.32089018008075637,-0.464016000568473,10,9,9
-0.36304980043118495,-0.9481763873554655,-1.3309536397843746,0.5353923338450645,1.5700039110466426,0.34032221355584186,1.1438556741642336,0.4402569352729889,0.677353508372314,0.8336586930404926,1.4455089766183378,-1.5917135283881467,-0.6432494670875735,-0.04228584588102149,-0.4499436443692835,2.5971326572232862,-1.257656291045065,-0.9196708066060183,0.9824327607288114,0.5078993831847903,0.23094010767585052,0.44789273574770366,1.4115325863841197,0.06219405883392808,0.7663987284695665,0.8014792996325567,0.5833853926513113,1.328544543306118,-1.1194691509635473,-0.7142362329569328,10,10,10
-0.36304980043118495,-0.9481763873554655,-0.5462869417025411,0.5353923338450645,1.5700039110466426,0.34032221355584186,1.1438556741642336,0.4402569352729889,1.4930688614426313,0.8336586930404926,-1.040598624677352,0.2739447615623517,2.227750979235495,-0.04228584588102149,-0.4499436443692835,-0.38504001604182436,0.795129803842541,-0.9196708066060183,0.9824327607288114,0.5078993831847903,0.23094010767585052,0.44789273574770366,-0.7084498152194062,1.178860115170367,0.7663987284695665,-0.09790798262556814,-0.5406986566036541,-0.2263446258965981,-1.8396488164856992,-0.464016000568473,16,15,15
-0.36304980043118495,1.0546560886092877,-1.3309536397843746,0.5353923338450645,-0.6369410884673211,-2.938391795091903,1.1438556741642336,1.3603706359757965,-0.1383618446980032,0.8336586930404926,1.4455089766183378,0.2739447615623517,-0.6432494670875735,2.34384402883375,-0.4499436443692835,-0.38504001604182436,0.795129803842541,-0.9196708066060183,0.9824327607288114,-1.9688939051854837,0.23094010767585052,0.44789273574770366,1.4115325863841197,-3.2878041101753888,-0.23601020446248228,-0.09790798262556814,3.955637540416207,2.1059891279074763,-0.3992894854413955,-0.21379576818001317,13,13,12
-0.36304980043118495,-0.9481763873554655,-0.5462869417025411,0.5353923338450645,-0.6369410884673211,0.34032221355584186,0.2292342342960711,-1.3999704661326267,0.677353508372314,-0.32583139058977023,-1.040598624677352,0.2739447615623517,-0.6432494670875735,2.34384402883375,-0.4499436443692835,2.5971326572232862,0.795129803842541,1.087345594550762,-1.0178813654973768,0.5078993831847903,0.23094010767585052,0.44789273574770366,-0.7084498152194062,0.06219405883392808,-0.23601020446248228,-0.09790798262556814,-0.5406986566036541,-0.2263446258965981,1.0410698456029082,-0.21379576818001317,7,7,6
-0.36304980043118495,-0.9481763873554655,-1.3309536397843746,-1.8677891646640323,1.5700039110466426,0.34032221355584186,-0.6853872055720913,-0.4798567654298188,-0.9540771977683203,0.8336586930404926,1.4455089766183378,0.2739447615623517,0.7922507560739607,-0.04228584588102149,-0.4499436443692835,2.5971326572232862,0.795129803842541,1.087345594550762,-1.0178813654973768,0.5078993831847903,0.23094010767585052,0.44789273574770366,-0.7084498152194062,0.06219405883392808,-2.2408280703265797,-0.09790798262556814,-0.5406986566036541,0.55109995870476,0.32089018008075637,-0.464016000568473,8,9,8
-0.36304980043118495,-0.9481763873554655,-1.3309536397843746,-1.8677891646640323,1.5700039110466426,0.34032221355584186,0.2292342342960711,-1.3999704661326267,-0.1383618446980032,-0.32583139058977023,1.4455089766183378,-1.5917135283881467,0.7922507560739607,2.34384402883375,-0.4499436443692835,-0.38504001604182436,0.795129803842541,-0.9196708066060183,-1.0178813654973768,-1.9688939051854837,0.23094010767585052,0.44789273574770366,-0.7084498152194062,0.06219405883392808,0.7663987284695665,-0.997295264883693,0.5833853926513113,0.55109995870476,-0.3992894854413955,0.7870851613738261,16,16,16
-0.36304980043118495,1.0546560886092877,-0.5462869417025411,0.5353923338450645,-0.6369410884673211,0.34032221355584186,0.2292342342960711,-1.3999704661326267,-0.1383618446980032,-0.32583139058977023,1.4455089766183378,-1.5917135283881467,0.7922507560739607,2.34384402883375,-0.4499436443692835,-0.38504001604182436,0.795129803842541,1.087345594550762,-1.0178813654973768,0.5078993831847903,0.23094010767585052,0.44789273574770366,-0.7084498152194062,0.06219405883392808,-0.23601020446248228,-0.997295264883693,-0.5406986566036541,-1.0037892104979562,1.0410698456029082,-0.7142362329569328,13,15,15
-0.36304980043118495,1.0546560886092877,-1.3309536397843746,0.5353923338450645,-0.6369410884673211,0.34032221355584186,1.1438556741642336,-0.4798567654298188,-0.1383618446980032,-0.32583139058977023,-1.040598624677352,0.2739447615623517,-0.6432494670875735,2.34384402883375,-0.4499436443692835,-0.38504001604182436,-1.257656291045065,-0.9196708066060183,-1.0178813654973768,0.5078993831847903,0.23094010767585052,0.44789273574770366,-0.7084498152194062,-1.0544719975025107,-0.23601020446248228,-0.09790798262556814,-0.5406986566036541,-1.0037892104979562,-0.3992894854413955,-0.7142362329569328,10,10,10
-0.36304980043118495,-0.9481763873554655,-1.3309536397843746,-1.8677891646640323,-0.6369410884673211,0.34032221355584186,-1.6000086454402538,-1.3999704661326267,-0.1383618446980032,-0.32583139058977023,1.4455089766183378,0.2739447615623517,-0.6432494670875735,-0.04228584588102149,2.2429008939014285,2.5971326572232862,0.795129803842541,-0.9196708066060183,-1.0178813654973768,-1.9688939051854837,0.23094010767585052,0.44789273574770366,1.4115325863841197,-1.0544719975025107,-0.23601020446248228,0.8014792996325567,0.5833853926513113,1.328544543306118,1.0410698456029082,-0.464016000568473,8,6,5
-0.36304980043118495,1.0546560886092877,-0.5462869417025411,0.5353923338450645,-0.6369410884673211,0.34032221355584186,0.2292342342960711,-1.3999704661326267,-0.1383618446980032,-0.32583139058977023,1.4455089766183378,0.2739447615623517,-0.6432494670875735,-1.2353507832384072,-0.4499436443692835,-0.38504001604182436,-1.257656291045065,-0.9196708066060183,0.9824327607288114,0.5078993831847903,0.23094010767585052,-2.2326774251665835,-0.7084498152194062,1.178860115170367,-0.23601020446248228,-0.997295264883693,0.5833853926513113,-0.2263446258965981,1.0410698456029082,-0.464016000568473,12,12,14
-0.36304980043118495,-0.9481763873554655,-0.5462869417025411,0.5353923338450645,-0.6369410884673211,0.34032221355584186,0.2292342342960711,0.4402569352729889,-0.1383618446980032,0.8336586930404926,-0.2118960909121221,0.2739447615623517,-0.6432494670875735,-0.04228584588102149,-0.4499436443692835,2.5971326572232862,0.795129803842541,1.087345594550762,0.9824327607288114,0.5078993831847903,0.23094010767585052,0.44789273574770366,-0.7084498152194062,0.06219405883392808,-0.23601020446248228,-0.09790798262556814,0.5833853926513113,1.328544543306118,1.0410698456029082,6.0417100415314815,11,12,11
-0.36304980043118495,1.0546560886092877,-1.3309536397843746,0.5353923338450645,-0.6369410884673211,0.34032221355584186,1.1438556741642336,0.4402569352729889,1.4930688614426313,-0.32583139058977023,-0.2118960909121221,0.2739447615623517,-0.6432494670875735,-0.04228584588102149,-0.4499436443692835,-0.38504001604182436,0.795129803842541,1.087345594550762,0.9824327607288114,0.5078993831847903,0.23094010767585052,0.44789273574770366,-0.7084498152194062,0.06219405883392808,-0.23601020446248228,-0.09790798262556814,0.5833853926513113,0.55109995870476,1.0410698456029082,0.03642446420844665,9,9,10
-0.36304980043118495,1.0546560886092877,-1.3309536397843746,0.5353923338450645,-0.6369410884673211,0.34032221355584186,1.1438556741642336,-2.3200841668354344,1.4930688614426313,-0.32583139058977023,-1.040598624677352,0.2739447615623517,0.7922507560739607,2.34384402883375,-0.4499436443692835,-0.38504001604182436,-1.257656291045065,-0.9196708066060183,0.9824327607288114,0.5078993831847903,0.23094010767585052,0.44789273574770366,-0.7084498152194062,-1.0544719975025107,0.7663987284695665,-0.09790798262556814,-0.5406986566036541,-1.0037892104979562,-1.8396488164856992,0.28664469659690645,11,11,10
-0.36304980043118495,-0.9481763873554655,-0.5462869417025411,0.5353923338450645,-0.6369410884673211,0.34032221355584186,-0.6853872055720913,-0.4798567654298188,-0.1383618446980032,-0.32583139058977023,1.4455089766183378,0.2739447615623517,-0.6432494670875735,2.34384402883375,-0.4499436443692835,-0.38504001604182436,-1.257656291045065,1.087345594550762,-1.0178813654973768,0.5078993831847903,0.23094010767585052,0.44789273574770366,1.4115325863841197,1.178860115170367,-1.238419137394531,-0.09790798262556814,-0.5406986566036541,0.55109995870476,-0.3992894854413955,-0.7142362329569328,11,11,11
-0.36304980043118495,1.0546560886092877,0.23837975637929248,0.5353923338450645,-0.6369410884673211,0.34032221355584186,-0.6853872055720913,-1.3999704661326267,-0.1383618446980032,-0.32583139058977023,-0.2118960909121221,0.2739447615623517,0.7922507560739607,-1.2353507832384072,3.5893231630367843,2.5971326572232862,0.795129803842541,-0.9196708066060183,0.9824327607288114,0.5078993831847903,-4.330127018922193,0.44789273574770366,-0.7084498152194062,0.06219405883392808,1.7688076614016153,-1.896682547141818,-0.5406986566036541,-1.0037892104979562,-0.3992894854413955,-0.464016000568473,8,8,10
-0.36304980043118495,-0.9481763873554655,-0.5462869417025411,0.5353923338450645,-0.6369410884673211,0.34032221355584186,0.2292342342960711,1.3603706359757965,-1.7697925508386376,-0.32583139058977023,-1.040598624677352,0.2739447615623517,-0.6432494670875735,-0.04228584588102149,-0.4499436443692835,-0.38504001604182436,0.795129803842541,-0.9196708066060183,-1.0178813654973768,0.5078993831847903,0.23094010767585052,0.44789273574770366,-0.7084498152194062,-2.1711380538389498,0.7663987284695665,-0.09790798262556814,-0.5406986566036541,-0.2263446258965981,-0.3992894854413955,0.7870851613738261,5,5,5
-0.36304980043118495,1.0546560886092877,-1.3309536397843746,0.5353923338450645,-0.6369410884673211,0.34032221355584186,-0.6853872055720913,0.4402569352729889,-0.1383618446980032,0.8336586930404926,-1.040598624677352,-1.5917135283881467,-0.6432494670875735,-1.2353507832384072,-0.4499436443692835,2.5971326572232862,0.795129803842541,1.087345594550762,0.9824327607288114,-1.9688939051854837,0.23094010767585052,0.44789273574770366,1.4115325863841197,-1.0544719975025107,-1.238419137394531,-0.997295264883693,-0.5406986566036541,0.55109995870476,-0.3992894854413955,-0.464016000568473,10,12,12
-0.36304980043118495,1.0546560886092877,-1.3309536397843746,0.5353923338450645,-0.6369410884673211,0.34032221355584186,-0.6853872055720913,0.4402569352729889,-0.1383618446980032,-0.32583139058977023,-0.2118960909121221,0.2739447615623517,-0.6432494670875735,1.1507790914763643,-0.4499436443692835,2.5971326572232862,-1.257656291045065,1.087345594550762,-1.0178813654973768,-1.9688939051854837,0.23094010767585052,0.44789273574770366,-0.7084498152194062,1.178860115170367,-0.23601020446248228,-0.997295264883693,-0.5406986566036541,-0.2263446258965981,1.0410698456029082,-0.21379576818001317,11,10,11
-0.36304980043118495,-0.9481763873554655,-1.3309536397843746,0.5353923338450645,1.5700039110466426,0.34032221355584186,0.2292342342960711,-0.4798567654298188,0.677353508372314,-0.32583139058977023,1.4455089766183378,0.2739447615623517,-0.6432494670875735,-0.04228584588102149,-0.4499436443692835,-0.38504001604182436,0.795129803842541,1.087345594550762,-1.0178813654973768,0.5078993831847903,0.23094010767585052,0.44789273574770366,-0.7084498152194062,0.06219405883392808,0.7663987284695665,0.8014792996325567,-0.5406986566036541,-1.0037892104979562,1.0410698456029082,0.5368649289853663,7,6,6
-0.36304980043118495,1.0546560886092877,-1.3309536397843746,0.5353923338450645,1.5700039110466426,0.34032221355584186,-0.6853872055720913,-0.4798567654298188,0.677353508372314,0.8336586930404926,-0.2118960909121221,0.2739447615623517,0.7922507560739607,-0.04228584588102149,-0.4499436443692835,-0.38504001604182436,-1.257656291045065,1.087345594550762,0.9824327607288114,0.5078993831847903,0.23094010767585052,0.44789273574770366,-0.7084498152194062,1.178860115170367,-0.23601020446248228,-0.09790798262556814,-0.5406986566036541,0.55109995870476,0.32089018008075637,-0.21379576818001317,15,15,15
-0.36304980043118495,-0.9481763873554655,-1.3309536397843746,0.5353923338450645,-0.6369410884673211,0.34032221355584186,-1.6000086454402538,-1.3999704661326267,-0.1383618446980032,-0.32583139058977023,-0.2118960909121221,-1.5917135283881467,-0.6432494670875735,-0.04228584588102149,-0.4499436443692835,-0.38504001604182436,0.795129803842541,-0.9196708066060183,0.9824327607288114,-1.9688939051854837,0.23094010767585052,0.44789273574770366,-0.7084498152194062,0.06219405883392808,-0.23601020446248228,-0.997295264883693,0.5833853926513113,0.55109995870476,0.32089018008075637,-0.464016000568473,9,10,10
-0.36304980043118495,-0.9481763873554655,-1.3309536397843746,0.5353923338450645,-0.6369410884673211,0.34032221355584186,1.1438556741642336,1.3603706359757965,0.677353508372314,0.8336586930404926,1.4455089766183378,-1.5917135283881467,0.7922507560739607,-0.04228584588102149,2.2429008939014285,-0.38504001604182436,-1.257656291045065,1.087345594550762,-1.0178813654973768,0.5078993831847903,0.23094010767585052,0.44789273574770366,1.4115325863841197,0.06219405883392808,0.7663987284695665,0.8014792996325567,0.5833853926513113,0.55109995870476,1.0410698456029082,0.03642446420844665,7,9,8
-0.36304980043118495,-0.9481763873554655,-0.5462869417025411,0.5353923338450645,1.5700039110466426,0.34032221355584186,-0.6853872055720913,-0.4798567654298188,-1.7697925508386376,-0.32583139058977023,-1.040598624677352,0.2739447615623517,-0.6432494670875735,-0.04228584588102149,-0.4499436443692835,-0.38504001604182436,0.795129803842541,-0.9196708066060183,-1.0178813654973768,0.5078993831847903,0.23094010767585052,-2.2326774251665835,-0.7084498152194062,0.06219405883392808,-0.23601020446248228,0.8014792996325567,-0.5406986566036541,-0.2263446258965981,-1.1194691509635473,-0.21379576818001317,8,7,6
-0.36304980043118495,-0.9481763873554655,-1.3309536397843746,0.5353923338450645,-0.6369410884673211,0.34032221355584186,1.1438556741642336,-0.4798567654298188,-0.1383618446980032,-0.32583139058977023,1.4455089766183378,0.2739447615623517,-0.6432494670875735,1.1507790914763643,-0.4499436443692835,-0.38504001604182436,0.795129803842541,-0.9196708066060183,0.9824327607288114,0.5078993831847903,0.23094010767585052,0.44789273574770366,-0.7084498152194062,1.178860115170367,-0.23601020446248228,-0.09790798262556814,-0.5406986566036541,0.55109995870476,-1.8396488164856992,-0.21379576818001317,13,14,14
-0.36304980043118495,1.0546560886092877,-0.5462869417025411,0.5353923338450645,-0.6369410884673211,0.34032221355584186,-0.6853872055720913,-0.4798567654298188,0.677353508372314,-0.32583139058977023,1.4455089766183378,-1.5917135283881467,0.7922507560739607,-0.04228584588102149,0.8964786247660724,-0.38504001604182436,-1.257656291045065,1.087345594550762,0.9824327607288114,-1.9688939051854837,0.23094010767585052,0.44789273574770366,-0.7084498152194062,0.06219405883392808,0.7663987284695665,-0.997295264883693,-0.5406986566036541,-1.0037892104979562,-0.3992894854413955,0.7870851613738261,11,10,10
-0.36304980043118495,1.0546560886092877,-0.5462869417025411,0.5353923338450645,1.5700039110466426,-2.938391795091903,1.1438556741642336,1.3603706359757965,1.4930688614426313,-1.4853214742200331,1.4455089766183378,0.2739447615623517,-0.6432494670875735,-0.04228584588102149,-0.4499436443692835,-0.38504001604182436,0.795129803842541,-0.9196708066060183,-1.0178813654973768,0.5078993831847903,0.23094010767585052,-2.2326774251665835,-0.7084498152194062,0.06219405883392808,-2.2408280703265797,-0.09790798262556814,1.7074694419062766,2.1059891279074763,1.0410698456029082,1.5377458585392054,8,6,7
-0.36304980043118495,-0.9481763873554655,-0.5462869417025411,0.5353923338450645,-0.6369410884673211,0.34032221355584186,0.2292342342960711,0.4402569352729889,-0.1383618446980032,-0.32583139058977023,-0.2118960909121221,0.2739447615623517,-0.6432494670875735,1.1507790914763643,-0.4499436443692835,-0.38504001604182436,0.795129803842541,1.087345594550762,-1.0178813654973768,0.5078993831847903,0.23094010767585052,0.44789273574770366,1.4115325863841197,0.06219405883392808,-0.23601020446248228,-0.09790798262556814,-0.5406986566036541,0.55109995870476,0.32089018008075637,-0.7142362329569328,7,7,8
-0.36304980043118495,-0.9481763873554655,-1.3309536397843746,0.5353923338450645,-0.6369410884673211,0.34032221355584186,1.1438556741642336,0.4402569352729889,0.677353508372314,-0.32583139058977023,1.4455089766183378,0.2739447615623517,-0.6432494670875735,-1.2353507832384072,-0.4499436443692835,-0.38504001604182436,-1.257656291045065,1.087345594550762,0.9824327607288114,0.5078993831847903,0.23094010767585052,0.44789273574770366,-0.7084498152194062,0.06219405883392808,1.7688076614016153,1.7008665818906816,-0.5406986566036541,0.55109995870476,-1.8396488164856992,-0.21379576818001317,16,17,18
-0.36304980043118495,-0.9481763873554655,-0.5462869417025411,0.5353923338450645,1.5700039110466426,0.34032221355584186,0.2292342342960711,-1.3999704661326267,-0.1383618446980032,-0.32583139058977023,-0.2118960909121221,-1.5917135283881467,-0.6432494670875735,-0.04228584588102149,-0.4499436443692835,2.5971326572232862,0.795129803842541,-0.9196708066060183,-1.0178813654973768,0.5078993831847903,0.23094010767585052,-2.2326774251665835,-0.7084498152194062,-1.0544719975025107,-0.23601020446248228,-0.09790798262556814,0.5833853926513113,0.55109995870476,-1.1194691509635473,-0.21379576818001317,7,6,6
-0.36304980043118495,-0.9481763873554655,-0.5462869417025411,0.5353923338450645,-0.6369410884673211,0.34032221355584186,1.1438556741642336,-0.4798567654298188,1.4930688614426313,0.8336586930404926,-0.2118960909121221,0.2739447615623517,0.7922507560739607,-0.04228584588102149,-0.4499436443692835,-0.38504001604182436,0.795129803842541,1.087345594550762,0.9824327607288114,0.5078993831847903,0.23094010767585052,0.44789273574770366,-0.7084498152194062,1.178860115170367,-0.23601020446248228,-0.09790798262556814,-0.5406986566036541,-1.0037892104979562,-1.8396488164856992,-0.7142362329569328,11,10,10
-0.36304980043118495,1.0546560886092877,-1.3309536397843746,0.5353923338450645,1.5700039110466426,0.34032221355584186,-0.6853872055720913,-0.4798567654298188,0.677353508372314,-1.4853214742200331,1.4455089766183378,0.2739447615623517,-0.6432494670875735,2.34384402883375,-0.4499436443692835,-0.38504001604182436,0.795129803842541,-0.9196708066060183,0.9824327607288114,0.5078993831847903,0.23094010767585052,0.44789273574770366,-0.7084498152194062,0.06219405883392808,-0.23601020446248228,0.8014792996325567,-0.5406986566036541,-1.0037892104979562,0.32089018008075637,0.03642446420844665,11,13,14
-0.36304980043118495,-0.9481763873554655,-1.3309536397843746,-1.8677891646640323,-0.6369410884673211,0.34032221355584186,-1.6000086454402538,-1.3999704661326267,-1.7697925508386376,-0.32583139058977023,-0.2118960909121221,0.2739447615623517,0.7922507560739607,2.34384402883375,0.8964786247660724,2.5971326572232862,0.795129803842541,1.087345594550762,0.9824327607288114,0.5078993831847903,0.23094010767585052,0.44789273574770366,-0.7084498152194062,-1.0544719975025107,-2.2408280703265797,-0.997295264883693,-0.5406986566036541,-1.0037892104979562,-1.8396488164856992,-0.464016000568473,7,10,10
-0.36304980043118495,1.0546560886092877,-0.5462869417025411,-1.8677891646640323,-0.6369410884673211,0.34032221355584186,1.1438556741642336,0.4402569352729889,0.677353508372314,-0.32583139058977023,1.4455089766183378,0.2739447615623517,0.7922507560739607,-1.2353507832384072,-0.4499436443692835,2.5971326572232862,0.795129803842541,-0.9196708066060183,0.9824327607288114,-1.9688939051854837,0.23094010767585052,0.44789273574770366,-0.7084498152194062,-1.0544719975025107,-0.23601020446248228,-0.09790798262556814,-0.5406986566036541,-1.0037892104979562,0.32089018008075637,-0.464016000568473,11,15,15
-0.36304980043118495,-0.9481763873554655,-0.5462869417025411,0.5353923338450645,-0.6369410884673211,0.34032221355584186,-0.6853872055720913,-1.3999704661326267,-0.1383618446980032,-0.32583139058977023,-1.040598624677352,0.2739447615623517,-0.6432494670875735,-0.04228584588102149,-0.4499436443692835,-0.38504001604182436,0.795129803842541,1.087345594550762,-1.0178813654973768,0.5078993831847903,0.23094010767585052,-2.2326774251665835,1.4115325863841197,0.06219405883392808,-0.23601020446248228,1.7008665818906816,-0.5406986566036541,-1.0037892104979562,1.0410698456029082,-0.464016000568473,8,9,10
-0.36304980043118495,-0.9481763873554655,-0.5462869417025411,0.5353923338450645,-0.6369410884673211,0.34032221355584186,1.1438556741642336,1.3603706359757965,-0.1383618446980032,-0.32583139058977023,1.4455089766183378,0.2739447615623517,-0.6432494670875735,-1.2353507832384072,-0.4499436443692835,-0.38504001604182436,-1.257656291045065,-0.9196708066060183,0.9824327607288114,-1.9688939051854837,0.23094010767585052,0.44789273574770366,-0.7084498152194062,1.178860115170367,-0.23601020446248228,0.8014792996325567,-0.5406986566036541,-0.2263446258965981,-1.8396488164856992,0.03642446420844665,11,14,14
-0.36304980043118495,-0.9481763873554655,-0.5462869417025411,0.5353923338450645,-0.6369410884673211,0.34032221355584186,1.1438556741642336,0.4402569352729889,-0.1383618446980032,-2.644811557850296,-1.040598624677352,0.2739447615623517,-0.6432494670875735,1.1507790914763643,-0.4499436443692835,2.5971326572232862,0.795129803842541,1.087345594550762,-1.0178813654973768,0.5078993831847903,0.23094010767585052,0.44789273574770366,-0.7084498152194062,1.178860115170367,-0.23601020446248228,1.7008665818906816,-0.5406986566036541,-1.0037892104979562,-0.3992894854413955,-0.7142362329569328,7,9,8
-0.36304980043118495,1.0546560886092877,-0.5462869417025411,0.5353923338450645,-0.6369410884673211,0.34032221355584186,1.1438556741642336,1.3603706359757965,0.677353508372314,0.8336586930404926,0.6168064428531078,0.2739447615623517,-0.6432494670875735,-1.2353507832384072,-0.4499436443692835,2.5971326572232862,0.795129803842541,1.087345594550762,0.9824327607288114,0.5078993831847903,0.23094010767585052,0.44789273574770366,-0.7084498152194062,0.06219405883392808,1.7688076614016153,1.7008665818906816,3.955637540416207,2.1059891279074763,0.32089018008075637,1.0373053937622858,7,7,5
-0.36304980043118495,1.0546560886092877,-0.5462869417025411,0.5353923338450645,-0.6369410884673211,0.34032221355584186,1.1438556741642336,1.3603706359757965,0.677353508372314,1.9931487766707554,0.6168064428531078,-1.5917135283881467,-0.6432494670875735,1.1507790914763643,-0.4499436443692835,-0.38504001604182436,0.795129803842541,-0.9196708066060183,0.9824327607288114,0.5078993831847903,0.23094010767585052,0.44789273574770366,1.4115325863841197,0.06219405883392808,0.7663987284695665,-0.09790798262556814,-0.5406986566036541,-1.0037892104979562,0.32089018008075637,-0.7142362329569328,16,17,17
-0.36304980043118495,1.0546560886092877,-1.3309536397843746,0.5353923338450645,-0.6369410884673211,0.34032221355584186,1.1438556741642336,1.3603706359757965,0.677353508372314,-0.32583139058977023,-1.040598624677352,0.2739447615623517,-0.6432494670875735,-1.2353507832384072,-0.4499436443692835,-0.38504001604182436,0.795129803842541,-0.9196708066060183,0.9824327607288114,-1.9688939051854837,0.23094010767585052,0.44789273574770366,-0.7084498152194062,1.178860115170367,-0.23601020446248228,-0.09790798262556814,-0.5406986566036541,-1.0037892104979562,1.0410698456029082,-0.21379576818001317,10,13,14
-0.36304980043118495,-0.9481763873554655,-1.3309536397843746,0.5353923338450645,-0.6369410884673211,0.34032221355584186,0.2292342342960711,-0.4798567654298188,0.677353508372314,-0.32583139058977023,-0.2118960909121221,0.2739447615623517,0.7922507560739607,-0.04228584588102149,-0.4499436443692835,2.5971326572232862,0.795129803842541,1.087345594550762,-1.0178813654973768,0.5078993831847903,0.23094010767585052,0.44789273574770366,-0.7084498152194062,0.06219405883392808,-0.23601020446248228,1.7008665818906816,-0.5406986566036541,-1.0037892104979562,-1.1194691509635473,2.538626788093045,7,6,6
-0.36304980043118495,1.0546560886092877,-1.3309536397843746,0.5353923338450645,-0.6369410884673211,-2.938391795091903,0.2292342342960711,1.3603706359757965,0.677353508372314,-0.32583139058977023,-1.040598624677352,0.2739447615623517,-0.6432494670875735,-0.04228584588102149,-0.4499436443692835,-0.38504001604182436,0.795129803842541,1.087345594550762,0.9824327607288114,0.5078993831847903,0.23094010767585052,0.44789273574770366,-0.7084498152194062,1.178860115170367,0.7663987284695665,0.8014792996325567,-0.5406986566036541,-1.0037892104979562,-1.8396488164856992,-0.7142362329569328,16,18,18
-0.36304980043118495,-0.9481763873554655,-1.3309536397843746,0.5353923338450645,-0.6369410884673211,-2.938391795091903,0.2292342342960711,0.4402569352729889,-0.1383618446980032,-1.4853214742200331,1.4455089766183378,-1.5917135283881467,-0.6432494670875735,2.34384402883375,-0.4499436443692835,2.5971326572232862,-1.257656291045065,-0.9196708066060183,-1.0178813654973768,0.5078993831847903,0.23094010767585052,-2.2326774251665835,-0.7084498152194062,0.06219405883392808,-0.23601020446248228,-0.09790798262556814,-0.5406986566036541,-1.0037892104979562,0.32089018008075637,0.5368649289853663,10,11,11
-0.36304980043118495,-0.9481763873554655,-1.3309536397843746,0.5353923338450645,-0.6369410884673211,0.34032221355584186,-0.6853872055720913,-0.4798567654298188,-0.1383618446980032,-0.32583139058977023,-1.040598624677352,0.2739447615623517,-0.6432494670875735,2.34384402883375,-0.4499436443692835,2.5971326572232862,0.795129803842541,1.087345594550762,-1.0178813654973768,0.5078993831847903,0.23094010767585052,0.44789273574770366,-0.7084498152194062,1.178860115170367,-2.2408280703265797,-0.997295264883693,-0.5406986566036541,-1.0037892104979562,-0.3992894854413955,0.28664469659690645,7,8,8
-0.36304980043118495,1.0546560886092877,-0.5462869417025411,0.5353923338450645,-0.6369410884673211,0.34032221355584186,0.2292342342960711,0.4402569352729889,0.677353508372314,-0.32583139058977023,-0.2118960909121221,-1.5917135283881467,-0.6432494670875735,1.1507790914763643,-0.4499436443692835,-0.38504001604182436,0.795129803842541,-0.9196708066060183,0.9824327607288114,0.5078993831847903,0.23094010767585052,0.44789273574770366,-0.7084498152194062,1.178860115170367,-0.23601020446248228,-0.09790798262556814,-0.5406986566036541,-1.0037892104979562,1.0410698456029082,-0.464016000568473,16,18,18
-0.36304980043118495,1.0546560886092877,-1.3309536397843746,-1.8677891646640323,-0.6369410884673211,0.34032221355584186,1.1438556741642336,1.3603706359757965,-0.1383618446980032,-0.32583139058977023,-0.2118960909121221,-1.5917135283881467,3.663251202397029,2.34384402883375,-0.4499436443692835,-0.38504001604182436,0.795129803842541,1.087345594550762,0.9824327607288114,0.5078993831847903,0.23094010767585052,0.44789273574770366,1.4115325863841197,-3.2878041101753888,-0.23601020446248228,1.7008665818906816,1.7074694419062766,2.1059891279074763,-1.8396488164856992,0.03642446420844665,10,13,13
-0.36304980043118495,-0.9481763873554655,-0.5462869417025411,0.5353923338450645,1.5700039110466426,0.34032221355584186,1.1438556741642336,1.3603706359757965,-0.9540771977683203,-1.4853214742200331,0.6168064428531078,0.2739447615623517,-0.6432494670875735,1.1507790914763643,-0.4499436443692835,-0.38504001604182436,0.795129803842541,1.087345594550762,0.9824327607288114,0.5078993831847903,0.23094010767585052,0.44789273574770366,1.4115325863841197,1.178860115170367,0.7663987284695665,1.7008665818906816,-0.5406986566036541,-1.0037892104979562,0.32089018008075637,-0.21379576818001317,14,15,16
-0.36304980043118495,1.0546560886092877,-1.3309536397843746,0.5353923338450645,1.5700039110466426,-2.938391795091903,1.1438556741642336,1.3603706359757965,1.4930688614426313,1.9931487766707554,-1.040598624677352,0.2739447615623517,-0.6432494670875735,-1.2353507832384072,-0.4499436443692835,-0.38504001604182436,-1.257656291045065,-0.9196708066060183,0.9824327607288114,0.5078993831847903,0.23094010767585052,0.44789273574770366,-0.7084498152194062,1.178860115170367,1.7688076614016153,-0.09790798262556814,-0.5406986566036541,-1.0037892104979562,0.32089018008075637,0.03642446420844665,18,19,19
-0.36304980043118495,-0.9481763873554655,-0.5462869417025411,-1.8677891646640323,-0.6369410884673211,0.34032221355584186,0.2292342342960711,0.4402569352729889,0.677353508372314,-0.32583139058977023,1.4455089766183378,-1.5917135283881467,-0.6432494670875735,1.1507790914763643,0.8964786247660724,2.5971326572232862,0.795129803842541,-0.9196708066060183,0.9824327607288114,0.5078993831847903,0.23094010767585052,0.44789273574770366,-0.7084498152194062,0.06219405883392808,-2.2408280703265797,-0.997295264883693,-0.5406986566036541,-1.0037892104979562,-1.1194691509635473,-0.7142362329569328,7,10,10
-0.36304980043118495,-0.9481763873554655,-0.5462869417025411,0.5353923338450645,-0.6369410884673211,0.34032221355584186,-0.6853872055720913,-0.4798567654298188,-1.7697925508386376,-0.32583139058977023,-0.2118960909121221,0.2739447615623517,-0.6432494670875735,-0.04228584588102149,0.8964786247660724,2.5971326572232862,-1.257656291045065,-0.9196708066060183,0.9824327607288114,0.5078993831847903,0.23094010767585052,0.44789273574770366,-0.7084498152194062,-1.0544719975025107,-2.2408280703265797,-0.997295264883693,-0.5406986566036541,-1.0037892104979562,1.0410698456029082,0.03642446420844665,10,13,13
-0.36304980043118495,1.0546560886092877,-1.3309536397843746,0.5353923338450645,1.5700039110466426,0.34032221355584186,1.1438556741642336,-0.4798567654298188,1.4930688614426313,-0.32583139058977023,-1.040598624677352,0.2739447615623517,-0.6432494670875735,-1.2353507832384072,-0.4499436443692835,-0.38504001604182436,-1.257656291045065,-0.9196708066060183,-1.0178813654973768,0.5078993831847903,0.23094010767585052,0.44789273574770366,-0.7084498152194062,-1.0544719975025107,1.7688076614016153,-0.997295264883693,-0.5406986566036541,-1.0037892104979562,-0.3992894854413955,0.5368649289853663,18,19,19
-0.36304980043118495,1.0546560886092877,-1.3309536397843746,-1.8677891646640323,-0.6369410884673211,0.34032221355584186,-0.6853872055720913,-1.3999704661326267,-0.9540771977683203,0.8336586930404926,1.4455089766183378,0.2739447615623517,-0.6432494670875735,-0.04228584588102149,-0.4499436443692835,-0.38504001604182436,-1.257656291045065,-0.9196708066060183,0.9824327607288114,0.5078993831847903,0.23094010767585052,0.44789273574770366,1.4115325863841197,1.178860115170367,0.7663987284695665,-0.997295264883693,-0.5406986566036541,-1.0037892104979562,1.0410698456029082,0.28664469659690645,9,9,9
-0.36304980043118495,1.0546560886092877,-0.5462869417025411,0.5353923338450645,-0.6369410884673211,0.34032221355584186,1.1438556741642336,1.3603706359757965,1.4930688614426313,1.9931487766707554,-1.040598624677352,-1.5917135283881467,-0.6432494670875735,-0.04228584588102149,-0.4499436443692835,-0.38504001604182436,0.795129803842541,-0.9196708066060183,0.9824327607288114,0.5078993831847903,0.23094010767585052,0.44789273574770366,-0.7084498152194062,1.178860115170367,0.7663987284695665,0.8014792996325567,-0.5406986566036541,-0.2263446258965981,1.0410698456029082,-0.464016000568473,15,15,16
-0.36304980043118495,1.0546560886092877,-1.3309536397843746,0.5353923338450645,-0.6369410884673211,0.34032221355584186,1.1438556741642336,1.3603706359757965,-0.1383618446980032,1.9931487766707554,1.4455089766183378,-1.5917135283881467,0.7922507560739607,-0.04228584588102149,-0.4499436443692835,-0.38504001604182436,0.795129803842541,-0.9196708066060183,0.9824327607288114,0.5078993831847903,0.23094010767585052,-2.2326774251665835,-0.7084498152194062,0.06219405883392808,0.7663987284695665,-0.09790798262556814,-0.5406986566036541,-1.0037892104979562,-1.1194691509635473,-0.464016000568473,11,13,14
-0.36304980043118495,1.0546560886092877,-0.5462869417025411,0.5353923338450645,-0.6369410884673211,0.34032221355584186,0.2292342342960711,0.4402569352729889,-0.1383618446980032,0.8336586930404926,-0.2118960909121221,-1.5917135283881467,0.7922507560739607,-1.2353507832384072,-0.4499436443692835,-0.38504001604182436,-1.257656291045065,-0.9196708066060183,0.9824327607288114,0.5078993831847903,0.23094010767585052,0.44789273574770366,-0.7084498152194062,1.178860115170367,0.7663987284695665,-0.997295264883693,-0.5406986566036541,-1.0037892104979562,1.0410698456029082,-0.7142362329569328,13,14,13
-0.36304980043118495,1.0546560886092877,0.23837975637929248,-1.8677891646640323,-0.6369410884673211,0.34032221355584186,-1.6000086454402538,0.4402569352729889,-0.1383618446980032,-0.32583139058977023,-1.040598624677352,-1.5917135283881467,2.227750979235495,-0.04228584588102149,0.8964786247660724,-0.38504001604182436,0.795129803842541,-0.9196708066060183,0.9824327607288114,0.5078993831847903,0.23094010767585052,0.44789273574770366,-0.7084498152194062,1.178860115170367,-1.238419137394531,0.8014792996325567,-0.5406986566036541,1.328544543306118,1.0410698456029082,1.7879660909276653,9,7,8
-0.36304980043118495,1.0546560886092877,-1.3309536397843746,0.5353923338450645,-0.6369410884673211,0.34032221355584186,0.2292342342960711,1.3603706359757965,-0.1383618446980032,-0.32583139058977023,1.4455089766183378,-1.5917135283881467,-0.6432494670875735,-1.2353507832384072,-0.4499436443692835,-0.38504001604182436,-1.257656291045065,-0.9196708066060183,-1.0178813654973768,0.5078993831847903,0.23094010767585052,0.44789273574770366,-0.7084498152194062,-1.0544719975025107,0.7663987284695665,-0.09790798262556814,-0.5406986566036541,-0.2263446258965981,0.32089018008075637,0.03642446420844665,14,13,13
-0.36304980043118495,-0.9481763873554655,-1.3309536397843746,0.5353923338450645,-0.6369410884673211,0.34032221355584186,-1.6000086454402538,-0.4798567654298188,-1.7697925508386376,0.8336586930404926,-1.040598624677352,0.2739447615623517,-0.6432494670875735,-0.04228584588102149,-0.4499436443692835,-0.38504001604182436,-1.257656291045065,-0.9196708066060183,-1.0178813654973768,-1.9688939051854837,0.23094010767585052,0.44789273574770366,-0.7084498152194062,-1.0544719975025107,-1.238419137394531,-0.09790798262556814,-0.5406986566036541,-0.2263446258965981,-1.8396488164856992,-0.464016000568473,16,15,15
-0.36304980043118495,1.0546560886092877,-1.3309536397843746,0.5353923338450645,-0.6369410884673211,0.34032221355584186,-0.6853872055720913,-0.4798567654298188,0.677353508372314,0.8336586930404926,-0.2118960909121221,-1.5917135283881467,-0.6432494670875735,2.34384402883375,-0.4499436443692835,-0.38504001604182436,0.795129803842541,1.087345594550762,0.9824327607288114,0.5078993831847903,0.23094010767585052,0.44789273574770366,-0.7084498152194062,1.178860115170367,1.7688076614016153,0.8014792996325567,-0.5406986566036541,-0.2263446258965981,1.0410698456029082,0.03642446420844665,16,14,15
-0.36304980043118495,-0.9481763873554655,-0.5462869417025411,0.5353923338450645,1.5700039110466426,0.34032221355584186,-0.6853872055720913,1.3603706359757965,-0.1383618446980032,-1.4853214742200331,-1.040598624677352,-1.5917135283881467,0.7922507560739607,-0.04228584588102149,-0.4499436443692835,-0.38504001604182436,0.795129803842541,1.087345594550762,0.9824327607288114,0.5078993831847903,0.23094010767585052,0.44789273574770366,1.4115325863841197,0.06219405883392808,-1.238419137394531,-0.997295264883693,-0.5406986566036541,-0.2263446258965981,1.0410698456029082,-0.464016000568473,13,13,13
-0.36304980043118495,1.0546560886092877,-0.5462869417025411,0.5353923338450645,-0.6369410884673211,0.34032221355584186,1.1438556741642336,1.3603706359757965,-0.9540771977683203,-0.32583139058977023,-1.040598624677352,0.2739447615623517,-0.6432494670875735,-1.2353507832384072,-0.4499436443692835,-0.38504001604182436,0.795129803842541,-0.9196708066060183,0.9824327607288114,0.5078993831847903,0.23094010767585052,0.44789273574770366,-0.7084498152194062,-1.0544719975025107,0.7663987284695665,0.8014792996325567,-0.5406986566036541,1.328544543306118,1.0410698456029082,1.5377458585392054,14,11,13
-0.36304980043118495,-0.9481763873554655,-0.5462869417025411,0.5353923338450645,-0.6369410884673211,0.34032221355584186,-0.6853872055720913,-0.4798567654298188,-0.1383618446980032,-0.32583139058977023,-0.2118960909121221,0.2739447615623517,-0.6432494670875735,-0.04228584588102149,-0.4499436443692835,-0.38504001604182436,-1.257656291045065,1.087345594550762,-1.0178813654973768,0.5078993831847903,0.23094010767585052,0.44789273574770366,1.4115325863841197,1.178860115170367,0.7663987284695665,0.8014792996325567,-0.5406986566036541,-1.0037892104979562,1.0410698456029082,-0.7142362329569328,8,7,8
-0.36304980043118495,1.0546560886092877,-1.3309536397843746,0.5353923338450645,-0.6369410884673211,0.34032221355584186,0.2292342342960711,1.3603706359757965,0.677353508372314,0.8336586930404926,-0.2118960909121221,-1.5917135283881467,-0.6432494670875735,-1.2353507832384072,-0.4499436443692835,2.5971326572232862,-1.257656291045065,-0.9196708066060183,-1.0178813654973768,0.5078993831847903,0.23094010767585052,0.44789273574770366,-0.7084498152194062,1.178860115170367,1.7688076614016153,1.7008665818906816,1.7074694419062766,-0.2263446258965981,1.0410698456029082,-0.7142362329569328,13,13,12
-0.36304980043118495,-0.9481763873554655,-1.3309536397843746,0.5353923338450645,1.5700039110466426,-2.938391795091903,0.2292342342960711,1.3603706359757965,-0.1383618446980032,-0.32583139058977023,-0.2118960909121221,0.2739447615623517,-0.6432494670875735,-0.04228584588102149,-0.4499436443692835,2.5971326572232862,-1.257656291045065,-0.9196708066060183,0.9824327607288114,0.5078993831847903,0.23094010767585052,0.44789273574770366,1.4115325863841197,1.178860115170367,-0.23601020446248228,-0.997295264883693,-0.5406986566036541,-1.0037892104979562,-1.8396488164856992,-0.7142362329569328,7,10,11
-0.36304980043118495,-0.9481763873554655,1.8077131525429595,0.5353923338450645,-0.6369410884673211,0.34032221355584186,-2.5146300853084163,-1.3999704661326267,-1.7697925508386376,-0.32583139058977023,-1.040598624677352,2.13960305151285,-0.6432494670875735,-0.04228584588102149,3.5893231630367843,-0.38504001604182436,0.795129803842541,-0.9196708066060183,-1.0178813654973768,-1.9688939051854837,-4.330127018922193,-2.2326774251665835,-0.7084498152194062,-1.0544719975025107,0.7663987284695665,-0.997295264883693,-0.5406986566036541,-1.0037892104979562,1.0410698456029082,-0.464016000568473,7,8,9
-0.36304980043118495,1.0546560886092877,1.023046454461126,-1.8677891646640323,-0.6369410884673211,0.34032221355584186,-0.6853872055720913,-0.4798567654298188,0.677353508372314,-0.32583139058977023,1.4455089766183378,0.2739447615623517,-0.6432494670875735,-1.2353507832384072,2.2429008939014285,-0.38504001604182436,0.795129803842541,-0.9196708066060183,0.9824327607288114,0.5078993831847903,0.23094010767585052,0.44789273574770366,-0.7084498152194062,-1.0544719975025107,-0.23601020446248228,-0.09790798262556814,-0.5406986566036541,-0.2263446258965981,0.32089018008075637,-0.7142362329569328,7,4,0
-0.36304980043118495,1.0546560886092877,-0.5462869417025411,-1.8677891646640323,-0.6369410884673211,0.34032221355584186,1.1438556741642336,1.3603706359757965,1.4930688614426313,1.9931487766707554,-1.040598624677352,0.2739447615623517,-0.6432494670875735,-1.2353507832384072,-0.4499436443692835,-0.38504001604182436,-1.257656291045065,1.087345594550762,0.9824327607288114,0.5078993831847903,0.23094010767585052,0.44789273574770366,-0.7084498152194062,-1.0544719975025107,1.7688076614016153,1.7008665818906816,0.5833853926513113,2.1059891279074763,0.32089018008075637,0.28664469659690645,18,18,18
-0.36304980043118495,-0.9481763873554655,-1.3309536397843746,-1.8677891646640323,-0.6369410884673211,0.34032221355584186,0.2292342342960711,1.3603706359757965,0.677353508372314,1.9931487766707554,-1.040598624677352,-1.5917135283881467,0.7922507560739607,1.1507790914763643,2.2429008939014285,-0.38504001604182436,0.795129803842541,-0.9196708066060183,-1.0178813654973768,0.5078993831847903,0.23094010767585052,0.44789273574770366,1.4115325863841197,0.06219405883392808,-1.238419137394531,-0.997295264883693,0.5833853926513113,-0.2263446258965981,1.0410698456029082,-0.7142362329569328,12,0,0
-0.36304980043118495,-0.9481763873554655,-1.3309536397843746,0.5353923338450645,-0.6369410884673211,0.34032221355584186,-1.6000086454402538,-1.3999704661326267,-1.7697925508386376,-0.32583139058977023,-1.040598624677352,0.2739447615623517,2.227750979235495,-1.2353507832384072,-0.4499436443692835,-0.38504001604182436,0.795129803842541,-0.9196708066060183,0.9824327607288114,-1.9688939051854837,0.23094010767585052,0.44789273574770366,1.4115325863841197,0.06219405883392808,-0.23601020446248228,-0.09790798262556814,-0.5406986566036541,-0.2263446258965981,0.32089018008075637,-0.7142362329569328,8,0,0
-0.36304980043118495,-0.9481763873554655,0.23837975637929248,0.5353923338450645,1.5700039110466426,0.34032221355584186,-0.6853872055720913,-0.4798567654298188,-0.1383618446980032,-0.32583139058977023,-1.040598624677352,-1.5917135283881467,-0.6432494670875735,-1.2353507832384072,-0.4499436443692835,-0.38504001604182436,0.795129803842541,-0.9196708066060183,-1.0178813654973768,0.5078993831847903,0.23094010767585052,0.44789273574770366,1.4115325863841197,-1.0544719975025107,0.7663987284695665,0.8014792996325567,-0.5406986566036541,0.55109995870476,1.0410698456029082,0.7870851613738261,10,13,12
-0.36304980043118495,-0.9481763873554655,-0.5462869417025411,0.5353923338450645,-0.6369410884673211,-2.938391795091903,0.2292342342960711,1.3603706359757965,0.677353508372314,-0.32583139058977023,-1.040598624677352,-1.5917135283881467,-0.6432494670875735,-1.2353507832384072,-0.4499436443692835,-0.38504001604182436,-1.257656291045065,-0.9196708066060183,-1.0178813654973768,0.5078993831847903,0.23094010767585052,0.44789273574770366,-0.7084498152194062,-1.0544719975025107,-1.238419137394531,-1.896682547141818,-0.5406986566036541,1.328544543306118,1.0410698456029082,1.2875256261507457,12,11,11
-0.36304980043118495,1.0546560886092877,-1.3309536397843746,-1.8677891646640323,-0.6369410884673211,0.34032221355584186,0.2292342342960711,1.3603706359757965,-1.7697925508386376,1.9931487766707554,-1.040598624677352,0.2739447615623517,3.663251202397029,-0.04228584588102149,-0.4499436443692835,-0.38504001604182436,0.795129803842541,-0.9196708066060183,-1.0178813654973768,0.5078993831847903,0.23094010767585052,-2.2326774251665835,1.4115325863841197,1.178860115170367,-0.23601020446248228,-0.09790798262556814,-0.5406986566036541,-1.0037892104979562,1.0410698456029082,-0.7142362329569328,9,0,0
-0.36304980043118495,-0.9481763873554655,-1.3309536397843746,0.5353923338450645,-0.6369410884673211,0.34032221355584186,1.1438556741642336,1.3603706359757965,0.677353508372314,-2.644811557850296,-1.040598624677352,0.2739447615623517,-0.6432494670875735,1.1507790914763643,-0.4499436443692835,-0.38504001604182436,0.795129803842541,-0.9196708066060183,0.9824327607288114,0.5078993831847903,0.23094010767585052,0.44789273574770366,1.4115325863841197,0.06219405883392808,-0.23601020446248228,-0.09790798262556814,-0.5406986566036541,-1.0037892104979562,1.0410698456029082,-0.7142362329569328,11,0,0
-0.36304980043118495,1.0546560886092877,0.23837975637929248,-1.8677891646640323,-0.6369410884673211,0.34032221355584186,0.2292342342960711,1.3603706359757965,-1.7697925508386376,-0.32583139058977023,-1.040598624677352,0.2739447615623517,2.227750979235495,-0.04228584588102149,-0.4499436443692835,-0.38504001604182436,-1.257656291045065,-0.9196708066060183,-1.0178813654973768,0.5078993831847903,0.23094010767585052,-2.2326774251665835,-0.7084498152194062,1.178860115170367,0.7663987284695665,1.7008665818906816,0.5833853926513113,1.328544543306118,1.0410698456029082,-0.7142362329569328,10,0,0
-0.36304980043118495,-0.9481763873554655,-0.5462869417025411,0.5353923338450645,-0.6369410884673211,-2.938391795091903,0.2292342342960711,0.4402569352729889,-0.1383618446980032,-0.32583139058977023,-1.040598624677352,2.13960305151285,0.7922507560739607,-1.2353507832384072,2.2429008939014285,-0.38504001604182436,0.795129803842541,-0.9196708066060183,0.9824327607288114,-1.9688939051854837,0.23094010767585052,0.44789273574770366,1.4115325863841197,0.06219405883392808,-0.23601020446248228,-0.997295264883693,-0.5406986566036541,-1.0037892104979562,1.0410698456029082,-0.7142362329569328,4,0,0
-0.36304980043118495,1.0546560886092877,-0.5462869417025411,0.5353923338450645,1.5700039110466426,0.34032221355584186,-1.6000086454402538,-1.3999704661326267,0.677353508372314,-0.32583139058977023,-1.040598624677352,0.2739447615623517,-0.6432494670875735,-0.04228584588102149,0.8964786247660724,-0.38504001604182436,-1.257656291045065,-0.9196708066060183,-1.0178813654973768,0.5078993831847903,0.23094010767585052,-2.2326774251665835,1.4115325863841197,0.06219405883392808,0.7663987284695665,0.8014792996325567,-0.5406986566036541,0.55109995870476,1.0410698456029082,-0.7142362329569328,14,12,12
-0.36304980043118495,-0.9481763873554655,-1.3309536397843746,0.5353923338450645,-0.6369410884673211,0.34032221355584186,1.1438556741642336,1.3603706359757965,1.4930688614426313,1.9931487766707554,-1.040598624677352,0.2739447615623517,0.7922507560739607,-1.2353507832384072,-0.4499436443692835,-0.38504001604182436,-1.257656291045065,-0.9196708066060183,0.9824327607288114,0.5078993831847903,0.23094010767585052,0.44789273574770366,-0.7084498152194062,0.06219405883392808,-0.23601020446248228,-0.997295264883693,-0.5406986566036541,-1.0037892104979562,1.0410698456029082,-0.7142362329569328,16,16,15
-0.36304980043118495,1.0546560886092877,-1.3309536397843746,0.5353923338450645,-0.6369410884673211,0.34032221355584186,1.1438556741642336,0.4402569352729889,1.4930688614426313,0.8336586930404926,-1.040598624677352,-1.5917135283881467,0.7922507560739607,2.34384402883375,-0.4499436443692835,2.5971326572232862,0.795129803842541,-0.9196708066060183,-1.0178813654973768,0.5078993831847903,0.23094010767585052,0.44789273574770366,-0.7084498152194062,-2.1711380538389498,-1.238419137394531,-0.997295264883693,-0.5406986566036541,-1.0037892104979562,-0.3992894854413955,-0.7142362329569328,7,9,0
-0.36304980043118495,1.0546560886092877,-0.5462869417025411,0.5353923338450645,1.5700039110466426,0.34032221355584186,-0.6853872055720913,-0.4798567654298188,0.677353508372314,0.8336586930404926,1.4455089766183378,-1.5917135283881467,0.7922507560739607,-1.2353507832384072,2.2429008939014285,-0.38504001604182436,0.795129803842541,-0.9196708066060183,0.9824327607288114,0.5078993831847903,0.23094010767585052,0.44789273574770366,-0.7084498152194062,-2.1711380538389498,-0.23601020446248228,-0.09790798262556814,0.5833853926513113,-0.2263446258965981,-1.1194691509635473,0.28664469659690645,9,9,9
-0.36304980043118495,-0.9481763873554655,-1.3309536397843746,0.5353923338450645,-0.6369410884673211,0.34032221355584186,1.1438556741642336,1.3603706359757965,1.4930688614426313,0.8336586930404926,-1.040598624677352,0.2739447615623517,-0.6432494670875735,1.1507790914763643,-0.4499436443692835,-0.38504001604182436,0.795129803842541,1.087345594550762,0.9824327607288114,0.5078993831847903,0.23094010767585052,0.44789273574770366,-0.7084498152194062,0.06219405883392808,-1.238419137394531,-0.997295264883693,-0.5406986566036541,-1.0037892104979562,1.0410698456029082,-0.464016000568473,9,11,11
-0.36304980043118495,-0.9481763873554655,-0.5462869417025411,0.5353923338450645,1.5700039110466426,0.34032221355584186,-1.6000086454402538,-1.3999704661326267,-1.7697925508386376,-2.644811557850296,-1.040598624677352,0.2739447615623517,-0.6432494670875735,-1.2353507832384072,-0.4499436443692835,-0.38504001604182436,-1.257656291045065,-0.9196708066060183,-1.0178813654973768,0.5078993831847903,0.23094010767585052,0.44789273574770366,-0.7084498152194062,-1.0544719975025107,0.7663987284695665,0.8014792996325567,1.7074694419062766,0.55109995870476,-1.8396488164856992,-0.464016000568473,14,14,13
-0.36304980043118495,1.0546560886092877,0.23837975637929248,0.5353923338450645,-0.6369410884673211,0.34032221355584186,-0.6853872055720913,-1.3999704661326267,-0.1383618446980032,-0.32583139058977023,-0.2118960909121221,0.2739447615623517,-0.6432494670875735,-1.2353507832384072,3.5893231630367843,-0.38504001604182436,0.795129803842541,-0.9196708066060183,-1.0178813654973768,0.5078993831847903,0.23094010767585052,0.44789273574770366,-0.7084498152194062,1.178860115170367,0.7663987284695665,1.7008665818906816,-0.5406986566036541,-0.2263446258965981,1.0410698456029082,-0.7142362329569328,5,0,0
-0.36304980043118495,-0.9481763873554655,-1.3309536397843746,0.5353923338450645,-0.6369410884673211,0.34032221355584186,-1.6000086454402538,-1.3999704661326267,-0.1383618446980032,0.8336586930404926,-1.040598624677352,-1.5917135283881467,-0.6432494670875735,-0.04228584588102149,-0.4499436443692835,-0.38504001604182436,0.795129803842541,1.087345594550762,-1.0178813654973768,0.5078993831847903,0.23094010767585052,0.44789273574770366,-0.7084498152194062,0.06219405883392808,0.7663987284695665,-0.997295264883693,-0.5406986566036541,-0.2263446258965981,1.0410698456029082,-0.7142362329569328,8,11,11
-0.36304980043118495,-0.9481763873554655,-1.3309536397843746,0.5353923338450645,-0.6369410884673211,0.34032221355584186,0.2292342342960711,-0.4798567654298188,-0.9540771977683203,0.8336586930404926,-0.2118960909121221,-1.5917135283881467,-0.6432494670875735,-0.04228584588102149,3.5893231630367843,-0.38504001604182436,0.795129803842541,-0.9196708066060183,-1.0178813654973768,0.5078993831847903,0.23094010767585052,0.44789273574770366,-0.7084498152194062,-1.0544719975025107,-0.23601020446248228,-0.997295264883693,-0.5406986566036541,-1.0037892104979562,-0.3992894854413955,-0.7142362329569328,6,7,0
-0.36304980043118495,-0.9481763873554655,-1.3309536397843746,0.5353923338450645,-0.6369410884673211,0.34032221355584186,-1.6000086454402538,-0.4798567654298188,-1.7697925508386376,-0.32583139058977023,-1.040598624677352,0.2739447615623517,-0.6432494670875735,-0.04228584588102149,-0.4499436443692835,-0.38504001604182436,0.795129803842541,1.087345594550762,-1.0178813654973768,-1.9688939051854837,0.23094010767585052,0.44789273574770366,-0.7084498152194062,0.06219405883392808,-0.23601020446248228,-0.997295264883693,-0.5406986566036541,-1.0037892104979562,1.0410698456029082,-0.464016000568473,10,11,11
-0.36304980043118495,1.0546560886092877,-0.5462869417025411,0.5353923338450645,-0.6369410884673211,0.34032221355584186,1.1438556741642336,1.3603706359757965,1.4930688614426313,1.9931487766707554,-1.040598624677352,0.2739447615623517,-0.6432494670875735,-1.2353507832384072,-0.4499436443692835,-0.38504001604182436,0.795129803842541,-0.9196708066060183,-1.0178813654973768,0.5078993831847903,-4.330127018922193,0.44789273574770366,1.4115325863841197,-1.0544719975025107,-0.23601020446248228,-0.997295264883693,0.5833853926513113,-1.0037892104979562,1.0410698456029082,-0.7142362329569328,7,6,0
-0.36304980043118495,1.0546560886092877,-1.3309536397843746,0.5353923338450645,1.5700039110466426,-2.938391795091903,-0.6853872055720913,-1.3999704661326267,0.677353508372314,-0.32583139058977023,-1.040598624677352,0.2739447615623517,3.663251202397029,-1.2353507832384072,3.5893231630367843,-0.38504001604182436,-1.257656291045065,-0.9196708066060183,-1.0178813654973768,0.5078993831847903,0.23094010767585052,0.44789273574770366,-0.7084498152194062,0.06219405883392808,1.7688076614016153,1.7008665818906816,0.5833853926513113,2.1059891279074763,1.0410698456029082,-0.7142362329569328,8,9,10
-0.36304980043118495,1.0546560886092877,1.023046454461126,0.5353923338450645,1.5700039110466426,0.34032221355584186,-1.6000086454402538,-1.3999704661326267,-0.1383618446980032,-0.32583139058977023,-1.040598624677352,0.2739447615623517,-0.6432494670875735,-1.2353507832384072,3.5893231630367843,-0.38504001604182436,-1.257656291045065,-0.9196708066060183,-1.0178813654973768,0.5078993831847903,-4.330127018922193,0.44789273574770366,1.4115325863841197,-2.1711380538389498,-0.23601020446248228,1.7008665818906816,0.5833853926513113,2.1059891279074763,0.32089018008075637,-0.7142362329569328,6,5,0
-0.36304980043118495,1.0546560886092877,-0.5462869417025411,0.5353923338450645,1.5700039110466426,0.34032221355584186,-0.6853872055720913,-1.3999704661326267,-1.7697925508386376,-0.32583139058977023,-1.040598624677352,0.2739447615623517,-0.6432494670875735,-1.2353507832384072,0.8964786247660724,-0.38504001604182436,-1.257656291045065,-0.9196708066060183,0.9824327607288114,0.5078993831847903,0.23094010767585052,-2.2326774251665835,1.4115325863841197,0.06219405883392808,0.7663987284695665,0.8014792996325567,1.7074694419062766,2.1059891279074763,1.0410698456029082,0.03642446420844665,12,13,14
-0.36304980043118495,-0.9481763873554655,-1.3309536397843746,-1.8677891646640323,-0.6369410884673211,0.34032221355584186,0.2292342342960711,0.4402569352729889,0.677353508372314,0.8336586930404926,1.4455089766183378,2.13960305151285,0.7922507560739607,1.1507790914763643,2.2429008939014285,-0.38504001604182436,0.795129803842541,1.087345594550762,0.9824327607288114,0.5078993831847903,0.23094010767585052,0.44789273574770366,1.4115325863841197,0.06219405883392808,-1.238419137394531,-1.896682547141818,0.5833853926513113,0.55109995870476,-0.3992894854413955,0.28664469659690645,10,10,10
-0.36304980043118495,1.0546560886092877,1.8077131525429595,0.5353923338450645,-0.6369410884673211,0.34032221355584186,0.2292342342960711,-0.4798567654298188,0.677353508372314,-2.644811557850296,-0.2118960909121221,0.2739447615623517,-0.6432494670875735,-1.2353507832384072,3.5893231630367843,-0.38504001604182436,0.795129803842541,-0.9196708066060183,-1.0178813654973768,0.5078993831847903,-4.330127018922193,0.44789273574770366,1.4115325863841197,0.06219405883392808,1.7688076614016153,0.8014792996325567,-0.5406986566036541,-1.0037892104979562,0.32089018008075637,-0.7142362329569328,5,0,0
-0.36304980043118495,-0.9481763873554655,0.23837975637929248,0.5353923338450645,-0.6369410884673211,0.34032221355584186,1.1438556741642336,1.3603706359757965,-0.1383618446980032,1.9931487766707554,-1.040598624677352,0.2739447615623517,-0.6432494670875735,-1.2353507832384072,-0.4499436443692835,2.5971326572232862,0.795129803842541,-0.9196708066060183,-1.0178813654973768,0.5078993831847903,0.23094010767585052,-2.2326774251665835,1.4115325863841197,0.06219405883392808,-1.238419137394531,-1.896682547141818,-0.5406986566036541,-1.0037892104979562,0.32089018008075637,-0.7142362329569328,11,11,12
-0.36304980043118495,1.0546560886092877,-1.3309536397843746,-1.8677891646640323,-0.6369410884673211,0.34032221355584186,-0.6853872055720913,0.4402569352729889,-1.7697925508386376,0.8336586930404926,-1.040598624677352,0.2739447615623517,-0.6432494670875735,-0.04228584588102149,-0.4499436443692835,2.5971326572232862,-1.257656291045065,1.087345594550762,0.9824327607288114,0.5078993831847903,0.23094010767585052,-2.2326774251665835,-0.7084498152194062,0.06219405883392808,0.7663987284695665,0.8014792996325567,-0.5406986566036541,-1.0037892104979562,-1.8396488164856992,-0.464016000568473,11,8,8
-0.36304980043118495,1.0546560886092877,0.23837975637929248,-1.8677891646640323,1.5700039110466426,0.34032221355584186,-1.6000086454402538,-0.4798567654298188,-0.1383618446980032,-0.32583139058977023,1.4455089766183378,0.2739447615623517,-0.6432494670875735,-1.2353507832384072,-0.4499436443692835,-0.38504001604182436,-1.257656291045065,-0.9196708066060183,-1.0178813654973768,0.5078993831847903,0.23094010767585052,-2.2326774251665835,-0.7084498152194062,-2.1711380538389498,-1.238419137394531,-0.997295264883693,1.7074694419062766,0.55109995870476,1.0410698456029082,0.28664469659690645,16,12,13
-0.36304980043118495,-0.9481763873554655,1.023046454461126,-1.8677891646640323,-0.6369410884673211,0.34032221355584186,-1.6000086454402538,-1.3999704661326267,-1.7697925508386376,-0.32583139058977023,-1.040598624677352,0.2739447615623517,2.227750979235495,-1.2353507832384072,3.5893231630367843,-0.38504001604182436,0.795129803842541,-0.9196708066060183,0.9824327607288114,-1.9688939051854837,0.23094010767585052,-2.2326774251665835,-0.7084498152194062,1.178860115170367,-1.238419137394531,1.7008665818906816,-0.5406986566036541,2.1059891279074763,0.32089018008075637,0.03642446420844665,9,8,10
-0.36304980043118495,1.0546560886092877,-0.5462869417025411,-1.8677891646640323,-0.6369410884673211,0.34032221355584186,-0.6853872055720913,-0.4798567654298188,-1.7697925508386376,-0.32583139058977023,-1.040598624677352,0.2739447615623517,2.227750979235495,-1.2353507832384072,-0.4499436443692835,-0.38504001604182436,-1.257656291045065,-0.9196708066060183,-1.0178813654973768,-1.9688939051854837,0.23094010767585052,-2.2326774251665835,-0.7084498152194062,0.06219405883392808,-1.238419137394531,-0.997295264883693,-0.5406986566036541,-0.2263446258965981,-0.3992894854413955,-0.464016000568473,17,15,15
-0.36304980043118495,1.0546560886092877,-0.5462869417025411,0.5353923338450645,-0.6369410884673211,0.34032221355584186,0.2292342342960711,0.4402569352729889,-0.1383618446980032,0.8336586930404926,-1.040598624677352,-1.5917135283881467,-0.6432494670875735,-0.04228584588102149,0.8964786247660724,-0.38504001604182436,0.795129803842541,1.087345594550762,-1.0178813654973768,0.5078993831847903,0.23094010767585052,0.44789273574770366,1.4115325863841197,0.06219405883392808,1.7688076614016153,1.7008665818906816,2.831553491161242,1.328544543306118,1.0410698456029082,-0.21379576818001317,10,12,12
-0.36304980043118495,1.0546560886092877,0.23837975637929248,-1.8677891646640323,1.5700039110466426,0.34032221355584186,-0.6853872055720913,-1.3999704661326267,-1.7697925508386376,-0.32583139058977023,-1.040598624677352,0.2739447615623517,0.7922507560739607,-1.2353507832384072,2.2429008939014285,-0.38504001604182436,-1.257656291045065,-0.9196708066060183,0.9824327607288114,0.5078993831847903,-4.330127018922193,0.44789273574770366,1.4115325863841197,-1.0544719975025107,-0.23601020446248228,-0.997295264883693,0.5833853926513113,-0.2263446258965981,1.0410698456029082,-0.7142362329569328,7,6,0
-0.36304980043118495,1.0546560886092877,-1.3309536397843746,-1.8677891646640323,-0.6369410884673211,0.34032221355584186,0.2292342342960711,-0.4798567654298188,-0.1383618446980032,-0.32583139058977023,-1.040598624677352,0.2739447615623517,0.7922507560739607,-0.04228584588102149,2.2429008939014285,2.5971326572232862,0.795129803842541,-0.9196708066060183,-1.0178813654973768,0.5078993831847903,0.23094010767585052,0.44789273574770366,1.4115325863841197,0.06219405883392808,0.7663987284695665,0.8014792996325567,-0.5406986566036541,1.328544543306118,-0.3992894854413955,0.03642446420844665,5,9,7
-0.36304980043118495,1.0546560886092877,-0.5462869417025411,0.5353923338450645,1.5700039110466426,0.34032221355584186,-1.6000086454402538,-0.4798567654298188,-0.1383618446980032,-0.32583139058977023,-1.040598624677352,0.2739447615623517,0.7922507560739607,-1.2353507832384072,0.8964786247660724,-0.38504001604182436,-1.257656291045065,-0.9196708066060183,0.9824327607288114,0.5078993831847903,0.23094010767585052,-2.2326774251665835,-0.7084498152194062,0.06219405883392808,0.7663987284695665,0.8014792996325567,0.5833853926513113,1.328544543306118,1.0410698456029082,-0.7142362329569328,7,0,0
-0.36304980043118495,1.0546560886092877,0.23837975637929248,0.5353923338450645,-0.6369410884673211,0.34032221355584186,-1.6000086454402538,0.4402569352729889,-1.7697925508386376,0.8336586930404926,-1.040598624677352,-1.5917135283881467,-0.6432494670875735,-1.2353507832384072,-0.4499436443692835,-0.38504001604182436,-1.257656291045065,-0.9196708066060183,-1.0178813654973768,0.5078993831847903,-4.330127018922193,0.44789273574770366,-0.7084498152194062,1.178860115170367,-0.23601020446248228,-0.09790798262556814,-0.5406986566036541,1.328544543306118,-1.1194691509635473,-0.464016000568473,10,10,10
-0.36304980043118495,1.0546560886092877,0.23837975637929248,-1.8677891646640323,1.5700039110466426,0.34032221355584186,-1.6000086454402538,-1.3999704661326267,-0.1383618446980032,0.8336586930404926,-1.040598624677352,0.2739447615623517,3.663251202397029,-0.04228584588102149,3.5893231630367843,-0.38504001604182436,-1.257656291045065,-0.9196708066060183,0.9824327607288114,0.5078993831847903,-4.330127018922193,-2.2326774251665835,1.4115325863841197,1.178860115170367,-0.23601020446248228,1.7008665818906816,-0.5406986566036541,2.1059891279074763,1.0410698456029082,-0.7142362329569328,5,8,7
-0.36304980043118495,1.0546560886092877,-0.5462869417025411,0.5353923338450645,-0.6369410884673211,0.34032221355584186,0.2292342342960711,-0.4798567654298188,0.677353508372314,0.8336586930404926,-1.040598624677352,0.2739447615623517,0.7922507560739607,-1.2353507832384072,0.8964786247660724,-0.38504001604182436,0.795129803842541,-0.9196708066060183,0.9824327607288114,-1.9688939051854837,-4.330127018922193,-2.2326774251665835,-0.7084498152194062,0.06219405883392808,1.7688076614016153,-0.997295264883693,-0.5406986566036541,-1.0037892104979562,-1.1194691509635473,1.2875256261507457,12,11,12
-0.36304980043118495,1.0546560886092877,-0.5462869417025411,0.5353923338450645,-0.6369410884673211,0.34032221355584186,-0.6853872055720913,-0.4798567654298188,-0.1383618446980032,-0.32583139058977023,-1.040598624677352,-1.5917135283881467,-0.6432494670875735,-0.04228584588102149,-0.4499436443692835,-0.38504001604182436,-1.257656291045065,-0.9196708066060183,-1.0178813654973768,0.5078993831847903,-4.330127018922193,0.44789273574770366,-0.7084498152194062,0.06219405883392808,-0.23601020446248228,1.7008665818906816,0.5833853926513113,1.328544543306118,0.32089018008075637,-0.21379576818001317,10,10,10
-0.36304980043118495,-0.9481763873554655,-0.5462869417025411,0.5353923338450645,-0.6369410884673211,0.34032221355584186,1.1438556741642336,-0.4798567654298188,-0.9540771977683203,0.8336586930404926,-0.2118960909121221,-1.5917135283881467,-0.6432494670875735,-0.04228584588102149,-0.4499436443692835,-0.38504001604182436,-1.257656291045065,1.087345594550762,-1.0178813654973768,0.5078993831847903,0.23094010767585052,0.44789273574770366,1.4115325863841197,0.06219405883392808,-1.238419137394531,-0.09790798262556814,-0.5406986566036541,-1.0037892104979562,-0.3992894854413955,-0.7142362329569328,14,15,16
-0.36304980043118495,-0.9481763873554655,-0.5462869417025411,0.5353923338450645,-0.6369410884673211,0.34032221355584186,-0.6853872055720913,-0.4798567654298188,-0.1383618446980032,-0.32583139058977023,-0.2118960909121221,0.2739447615623517,-0.6432494670875735,-0.04228584588102149,-0.4499436443692835,-0.38504001604182436,0.795129803842541,1.087345594550762,-1.0178813654973768,-1.9688939051854837,0.23094010767585052,0.44789273574770366,-0.7084498152194062,1.178860115170367,-2.2408280703265797,1.7008665818906816,-0.5406986566036541,-1.0037892104979562,0.32089018008075637,-0.7142362329569328,6,7,0
-0.36304980043118495,-0.9481763873554655,-0.5462869417025411,0.5353923338450645,-0.6369410884673211,0.34032221355584186,1.1438556741642336,1.3603706359757965,-0.9540771977683203,-1.4853214742200331,1.4455089766183378,0.2739447615623517,-0.6432494670875735,-0.04228584588102149,-0.4499436443692835,-0.38504001604182436,0.795129803842541,1.087345594550762,-1.0178813654973768,0.5078993831847903,0.23094010767585052,0.44789273574770366,1.4115325863841197,0.06219405883392808,0.7663987284695665,-0.997295264883693,-0.5406986566036541,-1.0037892104979562,-0.3992894854413955,-0.7142362329569328,14,14,14
-0.36304980043118495,1.0546560886092877,-0.5462869417025411,0.5353923338450645,-0.6369410884673211,0.34032221355584186,0.2292342342960711,1.3603706359757965,-0.1383618446980032,-0.32583139058977023,-1.040598624677352,-1.5917135283881467,2.227750979235495,-1.2353507832384072,2.2429008939014285,-0.38504001604182436,0.795129803842541,-0.9196708066060183,0.9824327607288114,-1.9688939051854837,0.23094010767585052,0.44789273574770366,-0.7084498152194062,-1.0544719975025107,0.7663987284695665,1.7008665818906816,0.5833853926513113,1.328544543306118,-1.1194691509635473,-0.7142362329569328,6,5,0
-0.36304980043118495,1.0546560886092877,-0.5462869417025411,0.5353923338450645,-0.6369410884673211,0.34032221355584186,-1.6000086454402538,-2.3200841668354344,-0.1383618446980032,-0.32583139058977023,1.4455089766183378,0.2739447615623517,0.7922507560739607,-0.04228584588102149,-0.4499436443692835,-0.38504001604182436,0.795129803842541,1.087345594550762,0.9824327607288114,0.5078993831847903,0.23094010767585052,0.44789273574770366,1.4115325863841197,0.06219405883392808,-0.23601020446248228,-0.997295264883693,-0.5406986566036541,-1.0037892104979562,-0.3992894854413955,-0.464016000568473,13,15,16
-0.36304980043118495,1.0546560886092877,0.23837975637929248,0.5353923338450645,1.5700039110466426,0.34032221355584186,1.1438556741642336,1.3603706359757965,1.4930688614426313,-0.32583139058977023,1.4455089766183378,0.2739447615623517,-0.6432494670875735,-0.04228584588102149,-0.4499436443692835,-0.38504001604182436,0.795129803842541,1.087345594550762,0.9824327607288114,0.5078993831847903,0.23094010767585052,0.44789273574770366,-0.7084498152194062,0.06219405883392808,0.7663987284695665,0.8014792996325567,-0.5406986566036541,0.55109995870476,1.0410698456029082,-0.7142362329569328,13,11,10
-0.36304980043118495,-0.9481763873554655,-0.5462869417025411,0.5353923338450645,-0.6369410884673211,0.34032221355584186,-1.6000086454402538,0.4402569352729889,-1.7697925508386376,0.8336586930404926,-0.2118960909121221,0.2739447615623517,-0.6432494670875735,-0.04228584588102149,3.5893231630367843,-0.38504001604182436,-1.257656291045065,-0.9196708066060183,0.9824327607288114,-1.9688939051854837,0.23094010767585052,0.44789273574770366,1.4115325863841197,0.06219405883392808,-0.23601020446248228,1.7008665818906816,-0.5406986566036541,-1.0037892104979562,-0.3992894854413955,-0.7142362329569328,8,7,0
-0.36304980043118495,-0.9481763873554655,-0.5462869417025411,0.5353923338450645,1.5700039110466426,0.34032221355584186,0.2292342342960711,0.4402569352729889,-0.1383618446980032,-0.32583139058977023,1.4455089766183378,0.2739447615623517,0.7922507560739607,-0.04228584588102149,-0.4499436443692835,-0.38504001604182436,0.795129803842541,1.087345594550762,0.9824327607288114,0.5078993831847903,0.23094010767585052,0.44789273574770366,-0.7084498152194062,0.06219405883392808,0.7663987284695665,1.7008665818906816,-0.5406986566036541,-1.0037892104979562,0.32089018008075637,-0.21379576818001317,10,11,9
-0.36304980043118495,1.0546560886092877,0.23837975637929248,0.5353923338450645,1.5700039110466426,0.34032221355584186,1.1438556741642336,0.4402569352729889,1.4930688614426313,-0.32583139058977023,-1.040598624677352,0.2739447615623517,0.7922507560739607,-0.04228584588102149,-0.4499436443692835,-0.38504001604182436,-1.257656291045065,1.087345594550762,0.9824327607288114,0.5078993831847903,0.23094010767585052,0.44789273574770366,-0.7084498152194062,0.06219405883392808,0.7663987284695665,0.8014792996325567,2.831553491161242,1.328544543306118,0.32089018008075637,-0.21379576818001317,10,9,9
-0.36304980043118495,-0.9481763873554655,-0.5462869417025411,0.5353923338450645,-0.6369410884673211,0.34032221355584186,-0.6853872055720913,-0.4798567654298188,0.677353508372314,-0.32583139058977023,1.4455089766183378,0.2739447615623517,0.7922507560739607,-0.04228584588102149,-0.4499436443692835,-0.38504001604182436,-1.257656291045065,1.087345594550762,0.9824327607288114,-1.9688939051854837,0.23094010767585052,0.44789273574770366,-0.7084498152194062,-1.0544719975025107,0.7663987284695665,0.8014792996325567,-0.5406986566036541,1.328544543306118,1.0410698456029082,-0.464016000568473,13,13,11
-0.36304980043118495,1.0546560886092877,0.23837975637929248,0.5353923338450645,-0.6369410884673211,0.34032221355584186,0.2292342342960711,0.4402569352729889,-0.1383618446980032,-0.32583139058977023,1.4455089766183378,-1.5917135283881467,-0.6432494670875735,-0.04228584588102149,-0.4499436443692835,-0.38504001604182436,-1.257656291045065,-0.9196708066060183,0.9824327607288114,-1.9688939051854837,0.23094010767585052,0.44789273574770366,-0.7084498152194062,0.06219405883392808,-0.23601020446248228,0.8014792996325567,-0.5406986566036541,1.328544543306118,0.32089018008075637,-0.21379576818001317,6,5,6
-0.36304980043118495,1.0546560886092877,-0.5462869417025411,-1.8677891646640323,-0.6369410884673211,0.34032221355584186,1.1438556741642336,-0.4798567654298188,1.4930688614426313,0.8336586930404926,0.6168064428531078,0.2739447615623517,-0.6432494670875735,-1.2353507832384072,-0.4499436443692835,-0.38504001604182436,0.795129803842541,-0.9196708066060183,0.9824327607288114,0.5078993831847903,0.23094010767585052,0.44789273574770366,1.4115325863841197,0.06219405883392808,-0.23601020446248228,-0.09790798262556814,1.7074694419062766,1.328544543306118,-0.3992894854413955,0.5368649289853663,10,8,9
-0.36304980043118495,1.0546560886092877,0.23837975637929248,0.5353923338450645,-0.6369410884673211,0.34032221355584186,1.1438556741642336,0.4402569352729889,-0.1383618446980032,-0.32583139058977023,-1.040598624677352,0.2739447615623517,-0.6432494670875735,-0.04228584588102149,-0.4499436443692835,-0.38504001604182436,0.795129803842541,-0.9196708066060183,0.9824327607288114,0.5078993831847903,0.23094010767585052,0.44789273574770366,1.4115325863841197,1.178860115170367,-1.238419137394531,-0.09790798262556814,-0.5406986566036541,-1.0037892104979562,-1.1194691509635473,-0.21379576818001317,10,10,11
-0.36304980043118495,1.0546560886092877,-0.5462869417025411,0.5353923338450645,-0.6369410884673211,0.34032221355584186,1.1438556741642336,0.4402569352729889,1.4930688614426313,-0.32583139058977023,-0.2118960909121221,0.2739447615623517,-0.6432494670875735,-0.04228584588102149,-0.4499436443692835,-0.38504001604182436,0.795129803842541,1.087345594550762,0.9824327607288114,0.5078993831847903,0.23094010767585052,0.44789273574770366,-0.7084498152194062,-1.0544719975025107,0.7663987284695665,-0.09790798262556814,0.5833853926513113,0.55109995870476,-0.3992894854413955,0.5368649289853663,9,8,8
-0.36304980043118495,1.0546560886092877,-0.5462869417025411,0.5353923338450645,-0.6369410884673211,0.34032221355584186,0.2292342342960711,0.4402569352729889,0.677353508372314,-0.32583139058977023,-0.2118960909121221,0.2739447615623517,-0.6432494670875735,-0.04228584588102149,-0.4499436443692835,-0.38504001604182436,-1.257656291045065,1.087345594550762,0.9824327607288114,0.5078993831847903,0.23094010767585052,0.44789273574770366,1.4115325863841197,0.06219405883392808,-1.238419137394531,-0.09790798262556814,-0.5406986566036541,-0.2263446258965981,-0.3992894854413955,-0.464016000568473,12,13,12
-0.36304980043118495,-0.9481763873554655,0.23837975637929248,0.5353923338450645,-0.6369410884673211,0.34032221355584186,-0.6853872055720913,1.3603706359757965,0.677353508372314,0.8336586930404926,1.4455089766183378,-1.5917135283881467,-0.6432494670875735,-0.04228584588102149,-0.4499436443692835,-0.38504001604182436,0.795129803842541,-0.9196708066060183,0.9824327607288114,0.5078993831847903,0.23094010767585052,-2.2326774251665835,-0.7084498152194062,1.178860115170367,0.7663987284695665,-0.997295264883693,0.5833853926513113,0.55109995870476,1.0410698456029082,-0.7142362329569328,16,17,17
-0.36304980043118495,-0.9481763873554655,0.23837975637929248,0.5353923338450645,1.5700039110466426,0.34032221355584186,0.2292342342960711,0.4402569352729889,-0.1383618446980032,-0.32583139058977023,1.4455089766183378,0.2739447615623517,-0.6432494670875735,-0.04228584588102149,-0.4499436443692835,-0.38504001604182436,0.795129803842541,-0.9196708066060183,0.9824327607288114,0.5078993831847903,0.23094010767585052,0.44789273574770366,1.4115325863841197,1.178860115170367,-0.23601020446248228,-0.09790798262556814,0.5833853926513113,0.55109995870476,-1.8396488164856992,6.291930273919942,9,9,8
-0.36304980043118495,-0.9481763873554655,-0.5462869417025411,0.5353923338450645,-0.6369410884673211,0.34032221355584186,0.2292342342960711,-0.4798567654298188,-0.1383618446980032,-0.32583139058977023,1.4455089766183378,0.2739447615623517,-0.6432494670875735,-0.04228584588102149,-0.4499436443692835,-0.38504001604182436,0.795129803842541,1.087345594550762,-1.0178813654973768,0.5078993831847903,0.23094010767585052,0.44789273574770366,-0.7084498152194062,-3.2878041101753888,-1.238419137394531,-0.997295264883693,-0.5406986566036541,-0.2263446258965981,-1.8396488164856992,1.0373053937622858,12,13,12
-0.36304980043118495,1.0546560886092877,0.23837975637929248,0.5353923338450645,-0.6369410884673211,0.34032221355584186,0.2292342342960711,0.4402569352729889,0.677353508372314,0.8336586930404926,0.6168064428531078,0.2739447615623517,-0.6432494670875735,-0.04228584588102149,-0.4499436443692835,-0.38504001604182436,0.795129803842541,-0.9196708066060183,0.9824327607288114,0.5078993831847903,0.23094010767585052,0.44789273574770366,1.4115325863841197,0.06219405883392808,-0.23601020446248228,0.8014792996325567,0.5833853926513113,0.55109995870476,0.32089018008075637,0.7870851613738261,12,12,11
-0.36304980043118495,1.0546560886092877,-0.5462869417025411,0.5353923338450645,-0.6369410884673211,0.34032221355584186,-1.6000086454402538,-0.4798567654298188,0.677353508372314,0.8336586930404926,0.6168064428531078,0.2739447615623517,-0.6432494670875735,-1.2353507832384072,-0.4499436443692835,-0.38504001604182436,0.795129803842541,1.087345594550762,0.9824327607288114,0.5078993831847903,0.23094010767585052,0.44789273574770366,1.4115325863841197,-1.0544719975025107,-0.23601020446248228,-0.09790798262556814,-0.5406986566036541,-0.2263446258965981,-0.3992894854413955,-0.464016000568473,11,12,11
-0.36304980043118495,1.0546560886092877,-0.5462869417025411,0.5353923338450645,1.5700039110466426,0.34032221355584186,-0.6853872055720913,-1.3999704661326267,-0.1383618446980032,-0.32583139058977023,-1.040598624677352,0.2739447615623517,-0.6432494670875735,-0.04228584588102149,-0.4499436443692835,-0.38504001604182436,-1.257656291045065,1.087345594550762,0.9824327607288114,0.5078993831847903,0.23094010767585052,0.44789273574770366,1.4115325863841197,0.06219405883392808,-1.238419137394531,-0.09790798262556814,-0.5406986566036541,-0.2263446258965981,1.0410698456029082,-0.7142362329569328,15,15,15
-0.36304980043118495,-0.9481763873554655,0.23837975637929248,0.5353923338450645,-0.6369410884673211,-2.938391795091903,0.2292342342960711,0.4402569352729889,-0.9540771977683203,-0.32583139058977023,1.4455089766183378,0.2739447615623517,-0.6432494670875735,-0.04228584588102149,-0.4499436443692835,-0.38504001604182436,0.795129803842541,-0.9196708066060183,-1.0178813654973768,-1.9688939051854837,0.23094010767585052,0.44789273574770366,1.4115325863841197,-1.0544719975025107,-0.23601020446248228,-0.09790798262556814,-0.5406986566036541,0.55109995870476,-0.3992894854413955,0.03642446420844665,8,7,9
-0.36304980043118495,1.0546560886092877,0.23837975637929248,-1.8677891646640323,-0.6369410884673211,0.34032221355584186,-1.6000086454402538,-0.4798567654298188,-1.7697925508386376,-0.32583139058977023,-0.2118960909121221,0.2739447615623517,-0.6432494670875735,-0.04228584588102149,-0.4499436443692835,-0.38504001604182436,-1.257656291045065,-0.9196708066060183,-1.0178813654973768,0.5078993831847903,0.23094010767585052,-2.2326774251665835,-0.7084498152194062,-1.0544719975025107,-2.2408280703265797,-0.09790798262556814,-0.5406986566036541,2.1059891279074763,-0.3992894854413955,-0.21379576818001317,8,9,10
-0.36304980043118495,-0.9481763873554655,-0.5462869417025411,0.5353923338450645,-0.6369410884673211,0.34032221355584186,-0.6853872055720913,0.4402569352729889,0.677353508372314,0.8336586930404926,-1.040598624677352,0.2739447615623517,-0.6432494670875735,-0.04228584588102149,-0.4499436443692835,-0.38504001604182436,-1.257656291045065,-0.9196708066060183,-1.0178813654973768,0.5078993831847903,0.23094010767585052,0.44789273574770366,-0.7084498152194062,0.06219405883392808,-0.23601020446248228,-0.09790798262556814,-0.5406986566036541,-1.0037892104979562,-1.1194691509635473,0.5368649289853663,11,12,13
-0.36304980043118495,-0.9481763873554655,0.23837975637929248,0.5353923338450645,-0.6369410884673211,0.34032221355584186,-1.6000086454402538,-1.3999704661326267,-1.7697925508386376,0.8336586930404926,-1.040598624677352,0.2739447615623517,-0.6432494670875735,-0.04228584588102149,-0.4499436443692835,-0.38504001604182436,-1.257656291045065,-0.9196708066060183,0.9824327607288114,0.5078993831847903,0.23094010767585052,0.44789273574770366,-0.7084498152194062,1.178860115170367,-0.23601020446248228,-0.09790798262556814,-0.5406986566036541,-1.0037892104979562,-0.3992894854413955,-0.7142362329569328,8,8,9
-0.36304980043118495,1.0546560886092877,0.23837975637929248,0.5353923338450645,-0.6369410884673211,0.34032221355584186,-1.6000086454402538,-0.4798567654298188,-1.7697925508386376,0.8336586930404926,0.6168064428531078,2.13960305151285,0.7922507560739607,-0.04228584588102149,-0.4499436443692835,-0.38504001604182436,-1.257656291045065,1.087345594550762,0.9824327607288114,-1.9688939051854837,0.23094010767585052,0.44789273574770366,-0.7084498152194062,0.06219405883392808,0.7663987284695665,0.8014792996325567,2.831553491161242,2.1059891279074763,1.0410698456029082,0.7870851613738261,7,8,8
-0.36304980043118495,1.0546560886092877,-0.5462869417025411,-1.8677891646640323,-0.6369410884673211,0.34032221355584186,0.2292342342960711,0.4402569352729889,0.677353508372314,0.8336586930404926,1.4455089766183378,0.2739447615623517,-0.6432494670875735,-1.2353507832384072,-0.4499436443692835,-0.38504001604182436,0.795129803842541,-0.9196708066060183,0.9824327607288114,0.5078993831847903,0.23094010767585052,0.44789273574770366,-0.7084498152194062,0.06219405883392808,-0.23601020446248228,-0.997295264883693,1.7074694419062766,1.328544543306118,1.0410698456029082,0.28664469659690645,8,9,10
-0.36304980043118495,1.0546560886092877,-0.5462869417025411,0.5353923338450645,-0.6369410884673211,0.34032221355584186,-0.6853872055720913,0.4402569352729889,-0.1383618446980032,-0.32583139058977023,-0.2118960909121221,-1.5917135283881467,0.7922507560739607,-1.2353507832384072,-0.4499436443692835,-0.38504001604182436,-1.257656291045065,-0.9196708066060183,-1.0178813654973768,0.5078993831847903,0.23094010767585052,0.44789273574770366,-0.7084498152194062,1.178860115170367,-0.23601020446248228,-0.09790798262556814,-0.5406986566036541,-1.0037892104979562,-0.3992894854413955,-0.7142362329569328,13,14,14
-0.36304980043118495,-0.9481763873554655,0.23837975637929248,0.5353923338450645,1.5700039110466426,0.34032221355584186,-0.6853872055720913,1.3603706359757965,0.677353508372314,0.8336586930404926,-1.040598624677352,-1.5917135283881467,-0.6432494670875735,-0.04228584588102149,-0.4499436443692835,-0.38504001604182436,-1.257656291045065,-0.9196708066060183,0.9824327607288114,0.5078993831847903,0.23094010767585052,0.44789273574770366,1.4115325863841197,0.06219405883392808,-0.23601020446248228,-0.997295264883693,-0.5406986566036541,-1.0037892104979562,1.0410698456029082,-0.7142362329569328,14,15,15
-0.36304980043118495,1.0546560886092877,0.23837975637929248,0.5353923338450645,-0.6369410884673211,0.34032221355584186,1.1438556741642336,1.3603706359757965,0.677353508372314,1.9931487766707554,-0.2118960909121221,0.2739447615623517,-0.6432494670875735,-1.2353507832384072,-0.4499436443692835,-0.38504001604182436,-1.257656291045065,-0.9196708066060183,-1.0178813654973768,0.5078993831847903,0.23094010767585052,0.44789273574770366,-0.7084498152194062,1.178860115170367,-1.238419137394531,-0.09790798262556814,-0.5406986566036541,-0.2263446258965981,1.0410698456029082,-0.21379576818001317,17,15,16
-0.36304980043118495,1.0546560886092877,-0.5462869417025411,-1.8677891646640323,1.5700039110466426,0.34032221355584186,0.2292342342960711,0.4402569352729889,1.4930688614426313,-0.32583139058977023,-0.2118960909121221,-1.5917135283881467,2.227750979235495,-1.2353507832384072,-0.4499436443692835,-0.38504001604182436,0.795129803842541,1.087345594550762,0.9824327607288114,0.5078993831847903,0.23094010767585052,0.44789273574770366,-0.7084498152194062,-1.0544719975025107,-0.23601020446248228,0.8014792996325567,1.7074694419062766,2.1059891279074763,-0.3992894854413955,0.28664469659690645,9,9,10
-0.36304980043118495,-0.9481763873554655,0.23837975637929248,0.5353923338450645,-0.6369410884673211,0.34032221355584186,1.1438556741642336,1.3603706359757965,0.677353508372314,1.9931487766707554,-0.2118960909121221,0.2739447615623517,0.7922507560739607,-1.2353507832384072,0.8964786247660724,-0.38504001604182436,0.795129803842541,-0.9196708066060183,-1.0178813654973768,0.5078993831847903,0.23094010767585052,0.44789273574770366,-0.7084498152194062,0.06219405883392808,-1.238419137394531,0.8014792996325567,0.5833853926513113,0.55109995870476,-1.1194691509635473,2.288406555704585,18,18,18
-0.36304980043118495,-0.9481763873554655,-0.5462869417025411,0.5353923338450645,1.5700039110466426,0.34032221355584186,1.1438556741642336,1.3603706359757965,1.4930688614426313,1.9931487766707554,1.4455089766183378,0.2739447615623517,-0.6432494670875735,-0.04228584588102149,-0.4499436443692835,-0.38504001604182436,0.795129803842541,1.087345594550762,-1.0178813654973768,0.5078993831847903,0.23094010767585052,0.44789273574770366,-0.7084498152194062,0.06219405883392808,1.7688076614016153,-0.997295264883693,-0.5406986566036541,-0.2263446258965981,-0.3992894854413955,-0.7142362329569328,9,9,10
-0.36304980043118495,-0.9481763873554655,-0.5462869417025411,0.5353923338450645,-0.6369410884673211,0.34032221355584186,1.1438556741642336,0.4402569352729889,-0.9540771977683203,-0.32583139058977023,-0.2118960909121221,0.2739447615623517,-0.6432494670875735,-0.04228584588102149,-0.4499436443692835,-0.38504001604182436,0.795129803842541,-0.9196708066060183,0.9824327607288114,0.5078993831847903,0.23094010767585052,0.44789273574770366,-0.7084498152194062,0.06219405883392808,-0.23601020446248228,1.7008665818906816,-0.5406986566036541,2.1059891279074763,-1.1194691509635473,-0.464016000568473,16,16,16
-0.36304980043118495,-0.9481763873554655,-0.5462869417025411,0.5353923338450645,-0.6369410884673211,0.34032221355584186,-0.6853872055720913,0.4402569352729889,-0.1383618446980032,-0.32583139058977023,1.4455089766183378,0.2739447615623517,-0.6432494670875735,-0.04228584588102149,-0.4499436443692835,2.5971326572232862,0.795129803842541,1.087345594550762,0.9824327607288114,0.5078993831847903,0.23094010767585052,-2.2326774251665835,-0.7084498152194062,0.06219405883392808,0.7663987284695665,-0.09790798262556814,-0.5406986566036541,0.55109995870476,0.32089018008075637,0.03642446420844665,8,10,10
-0.36304980043118495,-0.9481763873554655,0.23837975637929248,0.5353923338450645,-0.6369410884673211,0.34032221355584186,-1.6000086454402538,-1.3999704661326267,-0.1383618446980032,-0.32583139058977023,-1.040598624677352,0.2739447615623517,-0.6432494670875735,-0.04228584588102149,-0.4499436443692835,-0.38504001604182436,0.795129803842541,1.087345594550762,-1.0178813654973768,-1.9688939051854837,0.23094010767585052,-2.2326774251665835,-0.7084498152194062,0.06219405883392808,0.7663987284695665,0.8014792996325567,-0.5406986566036541,0.55109995870476,-1.8396488164856992,-0.21379576818001317,9,9,10
-0.36304980043118495,-0.9481763873554655,0.23837975637929248,-1.8677891646640323,-0.6369410884673211,0.34032221355584186,-0.6853872055720913,-0.4798567654298188,-0.1383618446980032,-0.32583139058977023,1.4455089766183378,0.2739447615623517,-0.6432494670875735,-1.2353507832384072,-0.4499436443692835,-0.38504001604182436,0.795129803842541,-0.9196708066060183,-1.0178813654973768,0.5078993831847903,0.23094010767585052,0.44789273574770366,-0.7084498152194062,1.178860115170367,-0.23601020446248228,-0.997295264883693,-0.5406986566036541,-0.2263446258965981,-0.3992894854413955,1.5377458585392054,7,6,6
-0.36304980043118495,-0.9481763873554655,-0.5462869417025411,-1.8677891646640323,-0.6369410884673211,0.34032221355584186,-0.6853872055720913,-0.4798567654298188,0.677353508372314,0.8336586930404926,1.4455089766183378,0.2739447615623517,0.7922507560739607,2.34384402883375,-0.4499436443692835,-0.38504001604182436,0.795129803842541,1.087345594550762,0.9824327607288114,-1.9688939051854837,0.23094010767585052,0.44789273574770366,-0.7084498152194062,1.178860115170367,-0.23601020446248228,1.7008665818906816,-0.5406986566036541,-1.0037892104979562,1.0410698456029082,0.03642446420844665,10,10,11
-0.36304980043118495,-0.9481763873554655,0.23837975637929248,0.5353923338450645,-0.6369410884673211,0.34032221355584186,0.2292342342960711,1.3603706359757965,-1.7697925508386376,0.8336586930404926,-0.2118960909121221,0.2739447615623517,-0.6432494670875735,1.1507790914763643,0.8964786247660724,-0.38504001604182436,0.795129803842541,1.087345594550762,-1.0178813654973768,0.5078993831847903,0.23094010767585052,0.44789273574770366,1.4115325863841197,0.06219405883392808,0.7663987284695665,-0.09790798262556814,1.7074694419062766,1.328544543306118,1.0410698456029082,2.7888470204815046,10,9,9
-0.36304980043118495,-0.9481763873554655,-0.5462869417025411,0.5353923338450645,-0.6369410884673211,-2.938391795091903,0.2292342342960711,-1.3999704661326267,0.677353508372314,-0.32583139058977023,-1.040598624677352,0.2739447615623517,-0.6432494670875735,-0.04228584588102149,3.5893231630367843,-0.38504001604182436,0.795129803842541,1.087345594550762,-1.0178813654973768,0.5078993831847903,0.23094010767585052,0.44789273574770366,-0.7084498152194062,-2.1711380538389498,-0.23601020446248228,-0.09790798262556814,0.5833853926513113,-0.2263446258965981,0.32089018008075637,-0.08868565198578325,7,7,7
-0.36304980043118495,-0.9481763873554655,-0.5462869417025411,0.5353923338450645,-0.6369410884673211,0.34032221355584186,1.1438556741642336,0.4402569352729889,1.4930688614426313,-0.32583139058977023,0.6168064428531078,0.2739447615623517,-0.6432494670875735,-0.04228584588102149,-0.4499436443692835,-0.38504001604182436,-1.257656291045065,1.087345594550762,0.9824327607288114,0.5078993831847903,0.23094010767585052,0.44789273574770366,1.4115325863841197,-3.2878041101753888,-0.23601020446248228,-0.997295264883693,-0.5406986566036541,-1.0037892104979562,-1.8396488164856992,0.5368649289853663,11,12,13
-0.36304980043118495,-0.9481763873554655,-0.5462869417025411,0.5353923338450645,-0.6369410884673211,0.34032221355584186,-1.6000086454402538,-1.3999704661326267,-1.7697925508386376,-0.32583139058977023,-0.2118960909121221,0.2739447615623517,0.7922507560739607,-1.2353507832384072,-0.4499436443692835,-0.38504001604182436,0.795129803842541,1.087345594550762,-1.0178813654973768,0.5078993831847903,0.23094010767585052,-2.2326774251665835,-0.7084498152194062,0.06219405883392808,-0.23601020446248228,-0.997295264883693,-0.5406986566036541,1.328544543306118,1.0410698456029082,0.03642446420844665,9,9,10
-0.36304980043118495,-0.9481763873554655,0.23837975637929248,-1.8677891646640323,-0.6369410884673211,0.34032221355584186,1.1438556741642336,0.4402569352729889,1.4930688614426313,-0.32583139058977023,1.4455089766183378,0.2739447615623517,0.7922507560739607,1.1507790914763643,-0.4499436443692835,-0.38504001604182436,0.795129803842541,1.087345594550762,0.9824327607288114,0.5078993831847903,0.23094010767585052,0.44789273574770366,1.4115325863841197,0.06219405883392808,0.7663987284695665,-0.997295264883693,-0.5406986566036541,-1.0037892104979562,0.32089018008075637,0.03642446420844665,7,7,7
-0.36304980043118495,-0.9481763873554655,1.8077131525429595,0.5353923338450645,-0.6369410884673211,0.34032221355584186,0.2292342342960711,0.4402569352729889,-0.1383618446980032,-0.32583139058977023,1.4455089766183378,2.13960305151285,-0.6432494670875735,2.34384402883375,-0.4499436443692835,-0.38504001604182436,0.795129803842541,1.087345594550762,0.9824327607288114,0.5078993831847903,0.23094010767585052,0.44789273574770366,-0.7084498152194062,0.06219405883392808,-0.23601020446248228,-0.09790798262556814,-0.5406986566036541,-0.2263446258965981,-0.3992894854413955,0.5368649289853663,8,8,8
-0.36304980043118495,1.0546560886092877,0.23837975637929248,0.5353923338450645,1.5700039110466426,0.34032221355584186,1.1438556741642336,1.3603706359757965,0.677353508372314,-0.32583139058977023,-0.2118960909121221,0.2739447615623517,-0.6432494670875735,-0.04228584588102149,-0.4499436443692835,-0.38504001604182436,0.795129803842541,1.087345594550762,-1.0178813654973768,0.5078993831847903,0.23094010767585052,0.44789273574770366,1.4115325863841197,1.178860115170367,-0.23601020446248228,1.7008665818906816,2.831553491161242,2.1059891279074763,-0.3992894854413955,0.912195277568056,12,12,13
-0.36304980043118495,-0.9481763873554655,-0.5462869417025411,0.5353923338450645,-0.6369410884673211,-2.938391795091903,-0.6853872055720913,-0.4798567654298188,-0.1383618446980032,-0.32583139058977023,1.4455089766183378,0.2739447615623517,-0.6432494670875735,-0.04228584588102149,-0.4499436443692835,2.5971326572232862,0.795129803842541,1.087345594550762,-1.0178813654973768,0.5078993831847903,0.23094010767585052,0.44789273574770366,-0.7084498152194062,-1.0544719975025107,-0.23601020446248228,0.8014792996325567,-0.5406986566036541,-1.0037892104979562,0.32089018008075637,-0.7142362329569328,12,13,14
-0.36304980043118495,1.0546560886092877,1.023046454461126,0.5353923338450645,-0.6369410884673211,0.34032221355584186,-0.6853872055720913,-0.4798567654298188,0.677353508372314,-0.32583139058977023,-0.2118960909121221,0.2739447615623517,-0.6432494670875735,-0.04228584588102149,0.8964786247660724,-0.38504001604182436,0.795129803842541,1.087345594550762,0.9824327607288114,0.5078993831847903,0.23094010767585052,0.44789273574770366,-0.7084498152194062,0.06219405883392808,0.7663987284695665,0.8014792996325567,0.5833853926513113,1.328544543306118,1.0410698456029082,1.1624155099565159,6,7,8
-0.36304980043118495,-0.9481763873554655,0.23837975637929248,-1.8677891646640323,1.5700039110466426,0.34032221355584186,1.1438556741642336,1.3603706359757965,0.677353508372314,-0.32583139058977023,0.6168064428531078,0.2739447615623517,-0.6432494670875735,-1.2353507832384072,-0.4499436443692835,-0.38504001604182436,0.795129803842541,1.087345594550762,-1.0178813654973768,0.5078993831847903,0.23094010767585052,-2.2326774251665835,-0.7084498152194062,1.178860115170367,-1.238419137394531,-1.896682547141818,-0.5406986566036541,-0.2263446258965981,-0.3992894854413955,0.7870851613738261,8,10,10
-0.36304980043118495,-0.9481763873554655,0.23837975637929248,0.5353923338450645,1.5700039110466426,0.34032221355584186,0.2292342342960711,-0.4798567654298188,-0.1383618446980032,-0.32583139058977023,1.4455089766183378,0.2739447615623517,0.7922507560739607,-0.04228584588102149,-0.4499436443692835,-0.38504001604182436,-1.257656291045065,1.087345594550762,-1.0178813654973768,0.5078993831847903,0.23094010767585052,0.44789273574770366,-0.7084498152194062,0.06219405883392808,0.7663987284695665,0.8014792996325567,-0.5406986566036541,0.55109995870476,-1.8396488164856992,-0.464016000568473,14,15,15
-0.36304980043118495,-0.9481763873554655,0.23837975637929248,0.5353923338450645,-0.6369410884673211,0.34032221355584186,1.1438556741642336,0.4402569352729889,-0.1383618446980032,-0.32583139058977023,1.4455089766183378,0.2739447615623517,-0.6432494670875735,-0.04228584588102149,2.2429008939014285,-0.38504001604182436,-1.257656291045065,1.087345594550762,-1.0178813654973768,0.5078993831847903,0.23094010767585052,0.44789273574770366,1.4115325863841197,-1.0544719975025107,0.7663987284695665,1.7008665818906816,0.5833853926513113,1.328544543306118,-1.8396488164856992,2.038186323316125,6,6,4
-0.36304980043118495,1.0546560886092877,1.023046454461126,0.5353923338450645,1.5700039110466426,0.34032221355584186,0.2292342342960711,0.4402569352729889,0.677353508372314,-1.4853214742200331,-0.2118960909121221,-1.5917135283881467,-0.6432494670875735,-0.04228584588102149,0.8964786247660724,-0.38504001604182436,0.795129803842541,1.087345594550762,-1.0178813654973768,0.5078993831847903,0.23094010767585052,0.44789273574770366,-0.7084498152194062,-1.0544719975025107,-1.238419137394531,0.8014792996325567,0.5833853926513113,1.328544543306118,0.32089018008075637,0.912195277568056,6,6,8
-0.36304980043118495,-0.9481763873554655,0.23837975637929248,0.5353923338450645,-0.6369410884673211,0.34032221355584186,-0.6853872055720913,0.4402569352729889,-1.7697925508386376,-0.32583139058977023,-0.2118960909121221,-1.5917135283881467,0.7922507560739607,-1.2353507832384072,-0.4499436443692835,-0.38504001604182436,0.795129803842541,1.087345594550762,-1.0178813654973768,0.5078993831847903,0.23094010767585052,-2.2326774251665835,-0.7084498152194062,-1.0544719975025107,-0.23601020446248228,-0.09790798262556814,-0.5406986566036541,1.328544543306118,-0.3992894854413955,-0.33890588437424307,7,7,8
-0.36304980043118495,-0.9481763873554655,0.23837975637929248,0.5353923338450645,-0.6369410884673211,0.34032221355584186,-0.6853872055720913,-0.4798567654298188,-1.7697925508386376,-2.644811557850296,-1.040598624677352,0.2739447615623517,-0.6432494670875735,1.1507790914763643,-0.4499436443692835,-0.38504001604182436,0.795129803842541,1.087345594550762,0.9824327607288114,0.5078993831847903,0.23094010767585052,0.44789273574770366,-0.7084498152194062,0.06219405883392808,-0.23601020446248228,-0.09790798262556814,-0.5406986566036541,-1.0037892104979562,0.32089018008075637,-0.21379576818001317,9,10,10
-0.36304980043118495,-0.9481763873554655,0.23837975637929248,-1.8677891646640323,-0.6369410884673211,0.34032221355584186,-0.6853872055720913,-1.3999704661326267,-1.7697925508386376,0.8336586930404926,1.4455089766183378,0.2739447615623517,0.7922507560739607,-0.04228584588102149,-0.4499436443692835,-0.38504001604182436,0.795129803842541,-0.9196708066060183,0.9824327607288114,0.5078993831847903,0.23094010767585052,0.44789273574770366,-0.7084498152194062,0.06219405883392808,-1.238419137394531,1.7008665818906816,-0.5406986566036541,-0.2263446258965981,1.0410698456029082,-0.464016000568473,6,6,6
-0.36304980043118495,-0.9481763873554655,0.23837975637929248,0.5353923338450645,-0.6369410884673211,0.34032221355584186,-1.6000086454402538,-1.3999704661326267,-1.7697925508386376,-0.32583139058977023,1.4455089766183378,0.2739447615623517,-0.6432494670875735,1.1507790914763643,0.8964786247660724,-0.38504001604182436,0.795129803842541,-0.9196708066060183,0.9824327607288114,0.5078993831847903,0.23094010767585052,-2.2326774251665835,1.4115325863841197,0.06219405883392808,-0.23601020446248228,0.8014792996325567,-0.5406986566036541,-1.0037892104979562,1.0410698456029082,-0.7142362329569328,6,5,0
-0.36304980043118495,-0.9481763873554655,-0.5462869417025411,0.5353923338450645,-0.6369410884673211,0.34032221355584186,-0.6853872055720913,0.4402569352729889,0.677353508372314,1.9931487766707554,0.6168064428531078,0.2739447615623517,-0.6432494670875735,-0.04228584588102149,-0.4499436443692835,2.5971326572232862,-1.257656291045065,-0.9196708066060183,-1.0178813654973768,0.5078993831847903,0.23094010767585052,0.44789273574770366,-0.7084498152194062,-2.1711380538389498,-0.23601020446248228,-1.896682547141818,-0.5406986566036541,-1.0037892104979562,-0.3992894854413955,-0.464016000568473,16,16,17
-0.36304980043118495,1.0546560886092877,1.023046454461126,0.5353923338450645,-0.6369410884673211,0.34032221355584186,-0.6853872055720913,-0.4798567654298188,-0.1383618446980032,-0.32583139058977023,-0.2118960909121221,0.2739447615623517,0.7922507560739607,-0.04228584588102149,-0.4499436443692835,-0.38504001604182436,0.795129803842541,1.087345594550762,-1.0178813654973768,0.5078993831847903,0.23094010767585052,0.44789273574770366,-0.7084498152194062,-1.0544719975025107,-0.23601020446248228,-0.09790798262556814,3.955637540416207,2.1059891279074763,0.32089018008075637,-0.7142362329569328,12,13,13
-0.36304980043118495,-0.9481763873554655,-0.5462869417025411,0.5353923338450645,-0.6369410884673211,0.34032221355584186,1.1438556741642336,1.3603706359757965,1.4930688614426313,0.8336586930404926,-0.2118960909121221,0.2739447615623517,-0.6432494670875735,1.1507790914763643,-0.4499436443692835,-0.38504001604182436,0.795129803842541,-0.9196708066060183,0.9824327607288114,-1.9688939051854837,0.23094010767585052,0.44789273574770366,-0.7084498152194062,1.178860115170367,-0.23601020446248228,-0.997295264883693,-0.5406986566036541,-1.0037892104979562,1.0410698456029082,-0.7142362329569328,13,13,14
-0.36304980043118495,-0.9481763873554655,1.023046454461126,-1.8677891646640323,-0.6369410884673211,0.34032221355584186,0.2292342342960711,-1.3999704661326267,-0.1383618446980032,-0.32583139058977023,1.4455089766183378,0.2739447615623517,-0.6432494670875735,-0.04228584588102149,0.8964786247660724,-0.38504001604182436,-1.257656291045065,-0.9196708066060183,0.9824327607288114,0.5078993831847903,0.23094010767585052,0.44789273574770366,1.4115325863841197,1.178860115170367,-0.23601020446248228,-0.09790798262556814,-0.5406986566036541,-1.0037892104979562,0.32089018008075637,1.2875256261507457,9,8,7
-0.36304980043118495,-0.9481763873554655,0.23837975637929248,0.5353923338450645,-0.6369410884673211,0.34032221355584186,0.2292342342960711,-0.4798567654298188,-0.1383618446980032,-0.32583139058977023,-1.040598624677352,0.2739447615623517,-0.6432494670875735,-0.04228584588102149,-0.4499436443692835,-0.38504001604182436,-1.257656291045065,-0.9196708066060183,0.9824327607288114,-1.9688939051854837,0.23094010767585052,0.44789273574770366,-0.7084498152194062,1.178860115170367,-0.23601020446248228,0.8014792996325567,-0.5406986566036541,0.55109995870476,-0.3992894854413955,0.5368649289853663,16,15,15
-0.36304980043118495,1.0546560886092877,0.23837975637929248,0.5353923338450645,1.5700039110466426,0.34032221355584186,-0.6853872055720913,0.4402569352729889,0.677353508372314,0.8336586930404926,1.4455089766183378,-1.5917135283881467,-0.6432494670875735,-0.04228584588102149,-0.4499436443692835,-0.38504001604182436,0.795129803842541,1.087345594550762,-1.0178813654973768,-1.9688939051854837,0.23094010767585052,0.44789273574770366,-0.7084498152194062,1.178860115170367,-0.23601020446248228,-0.09790798262556814,-0.5406986566036541,0.55109995870476,-0.3992894854413955,-0.464016000568473,12,11,12
-0.36304980043118495,1.0546560886092877,1.023046454461126,0.5353923338450645,1.5700039110466426,0.34032221355584186,-0.6853872055720913,-1.3999704661326267,-1.7697925508386376,-0.32583139058977023,-1.040598624677352,0.2739447615623517,3.663251202397029,-0.04228584588102149,-0.4499436443692835,2.5971326572232862,0.795129803842541,1.087345594550762,0.9824327607288114,0.5078993831847903,0.23094010767585052,0.44789273574770366,1.4115325863841197,0.06219405883392808,-0.23601020446248228,-0.997295264883693,2.831553491161242,2.1059891279074763,-0.3992894854413955,1.0373053937622858,10,8,9
-0.36304980043118495,-0.9481763873554655,0.23837975637929248,0.5353923338450645,-0.6369410884673211,-2.938391795091903,-0.6853872055720913,-1.3999704661326267,-0.1383618446980032,-0.32583139058977023,-1.040598624677352,0.2739447615623517,0.7922507560739607,1.1507790914763643,-0.4499436443692835,-0.38504001604182436,-1.257656291045065,-0.9196708066060183,0.9824327607288114,0.5078993831847903,0.23094010767585052,0.44789273574770366,1.4115325863841197,-1.0544719975025107,-1.238419137394531,-0.09790798262556814,-0.5406986566036541,-0.2263446258965981,-0.3992894854413955,0.5368649289853663,12,10,12
-0.36304980043118495,-0.9481763873554655,0.23837975637929248,0.5353923338450645,1.5700039110466426,0.34032221355584186,1.1438556741642336,0.4402569352729889,-0.9540771977683203,-0.32583139058977023,1.4455089766183378,-1.5917135283881467,-0.6432494670875735,-0.04228584588102149,-0.4499436443692835,-0.38504001604182436,-1.257656291045065,-0.9196708066060183,0.9824327607288114,0.5078993831847903,0.23094010767585052,0.44789273574770366,1.4115325863841197,-1.0544719975025107,-1.238419137394531,-0.09790798262556814,-0.5406986566036541,-0.2263446258965981,-0.3992894854413955,1.0373053937622858,13,13,14
-0.36304980043118495,1.0546560886092877,0.23837975637929248,-1.8677891646640323,-0.6369410884673211,0.34032221355584186,-0.6853872055720913,-0.4798567654298188,-0.1383618446980032,-0.32583139058977023,-1.040598624677352,-1.5917135283881467,0.7922507560739607,-0.04228584588102149,-0.4499436443692835,-0.38504001604182436,0.795129803842541,1.087345594550762,0.9824327607288114,0.5078993831847903,0.23094010767585052,0.44789273574770366,-0.7084498152194062,0.06219405883392808,1.7688076614016153,-0.997295264883693,-0.5406986566036541,-1.0037892104979562,-1.8396488164856992,-0.21379576818001317,11,11,11
-0.36304980043118495,1.0546560886092877,0.23837975637929248,0.5353923338450645,-0.6369410884673211,0.34032221355584186,1.1438556741642336,1.3603706359757965,1.4930688614426313,1.9931487766707554,1.4455089766183378,0.2739447615623517,-0.6432494670875735,-0.04228584588102149,-0.4499436443692835,2.5971326572232862,0.795129803842541,-0.9196708066060183,0.9824327607288114,0.5078993831847903,0.23094010767585052,0.44789273574770366,1.4115325863841197,0.06219405883392808,1.7688076614016153,1.7008665818906816,-0.5406986566036541,0.55109995870476,-1.1194691509635473,1.0373053937622858,11,9,9
-0.36304980043118495,1.0546560886092877,-0.5462869417025411,0.5353923338450645,-0.6369410884673211,0.34032221355584186,1.1438556741642336,1.3603706359757965,-0.9540771977683203,-0.32583139058977023,1.4455089766183378,-1.5917135283881467,-0.6432494670875735,-0.04228584588102149,-0.4499436443692835,-0.38504001604182436,0.795129803842541,1.087345594550762,0.9824327607288114,0.5078993831847903,0.23094010767585052,0.44789273574770366,-0.7084498152194062,0.06219405883392808,-1.238419137394531,0.8014792996325567,0.5833853926513113,1.328544543306118,-1.8396488164856992,-0.464016000568473,14,13,13
-0.36304980043118495,1.0546560886092877,-0.5462869417025411,0.5353923338450645,1.5700039110466426,0.34032221355584186,-1.6000086454402538,-1.3999704661326267,-0.1383618446980032,-0.32583139058977023,-0.2118960909121221,0.2739447615623517,0.7922507560739607,-0.04228584588102149,-0.4499436443692835,-0.38504001604182436,0.795129803842541,1.087345594550762,-1.0178813654973768,0.5078993831847903,0.23094010767585052,0.44789273574770366,-0.7084498152194062,-1.0544719975025107,0.7663987284695665,-0.997295264883693,-0.5406986566036541,-1.0037892104979562,1.0410698456029082,1.5377458585392054,9,7,6
-0.36304980043118495,1.0546560886092877,-0.5462869417025411,0.5353923338450645,-0.6369410884673211,0.34032221355584186,0.2292342342960711,-0.4798567654298188,-1.7697925508386376,-0.32583139058977023,1.4455089766183378,0.2739447615623517,0.7922507560739607,1.1507790914763643,-0.4499436443692835,-0.38504001604182436,-1.257656291045065,-0.9196708066060183,0.9824327607288114,0.5078993831847903,0.23094010767585052,0.44789273574770366,1.4115325863841197,1.178860115170367,-0.23601020446248228,-0.09790798262556814,-0.5406986566036541,0.55109995870476,-1.1194691509635473,0.5368649289853663,11,9,10
-0.36304980043118495,1.0546560886092877,0.23837975637929248,0.5353923338450645,1.5700039110466426,0.34032221355584186,-0.6853872055720913,-0.4798567654298188,-0.1383618446980032,-0.32583139058977023,-0.2118960909121221,-1.5917135283881467,-0.6432494670875735,-0.04228584588102149,-0.4499436443692835,-0.38504001604182436,-1.257656291045065,1.087345594550762,0.9824327607288114,-1.9688939051854837,0.23094010767585052,0.44789273574770366,1.4115325863841197,0.06219405883392808,0.7663987284695665,-0.997295264883693,3.955637540416207,2.1059891279074763,0.32089018008075637,-0.21379576818001317,14,13,13
-0.36304980043118495,-0.9481763873554655,-0.5462869417025411,0.5353923338450645,-0.6369410884673211,0.34032221355584186,-0.6853872055720913,-1.3999704661326267,-0.1383618446980032,-0.32583139058977023,-0.2118960909121221,0.2739447615623517,-0.6432494670875735,-1.2353507832384072,-0.4499436443692835,-0.38504001604182436,-1.257656291045065,-0.9196708066060183,-1.0178813654973768,0.5078993831847903,0.23094010767585052,0.44789273574770366,1.4115325863841197,0.06219405883392808,1.7688076614016153,-0.997295264883693,-0.5406986566036541,-1.0037892104979562,1.0410698456029082,1.7879660909276653,13,12,12
-0.36304980043118495,-0.9481763873554655,0.23837975637929248,-1.8677891646640323,-0.6369410884673211,0.34032221355584186,-0.6853872055720913,-1.3999704661326267,-1.7697925508386376,0.8336586930404926,-1.040598624677352,0.2739447615623517,2.227750979235495,-0.04228584588102149,-0.4499436443692835,-0.38504001604182436,-1.257656291045065,-0.9196708066060183,0.9824327607288114,0.5078993831847903,0.23094010767585052,-2.2326774251665835,-0.7084498152194062,-2.1711380538389498,-2.2408280703265797,-1.896682547141818,-0.5406986566036541,-1.0037892104979562,-0.3992894854413955,-0.464016000568473,13,11,11
-0.36304980043118495,1.0546560886092877,1.023046454461126,0.5353923338450645,-0.6369410884673211,0.34032221355584186,-0.6853872055720913,-0.4798567654298188,-0.1383618446980032,0.8336586930404926,1.4455089766183378,-1.5917135283881467,-0.6432494670875735,-0.04228584588102149,0.8964786247660724,-0.38504001604182436,-1.257656291045065,-0.9196708066060183,-1.0178813654973768,0.5078993831847903,-4.330127018922193,0.44789273574770366,-0.7084498152194062,1.178860115170367,1.7688076614016153,0.8014792996325567,1.7074694419062766,2.1059891279074763,-1.1194691509635473,-0.7142362329569328,7,7,0
-0.36304980043118495,1.0546560886092877,0.23837975637929248,0.5353923338450645,1.5700039110466426,0.34032221355584186,1.1438556741642336,0.4402569352729889,-0.9540771977683203,-0.32583139058977023,-1.040598624677352,0.2739447615623517,0.7922507560739607,-0.04228584588102149,-0.4499436443692835,-0.38504001604182436,-1.257656291045065,-0.9196708066060183,0.9824327607288114,0.5078993831847903,0.23094010767585052,0.44789273574770366,1.4115325863841197,-2.1711380538389498,1.7688076614016153,1.7008665818906816,-0.5406986566036541,1.328544543306118,1.0410698456029082,1.0373053937622858,12,12,12
-0.36304980043118495,1.0546560886092877,0.23837975637929248,-1.8677891646640323,1.5700039110466426,-2.938391795091903,1.1438556741642336,1.3603706359757965,1.4930688614426313,-0.32583139058977023,-1.040598624677352,0.2739447615623517,0.7922507560739607,-0.04228584588102149,-0.4499436443692835,-0.38504001604182436,0.795129803842541,1.087345594550762,-1.0178813654973768,0.5078993831847903,0.23094010767585052,0.44789273574770366,-0.7084498152194062,-1.0544719975025107,-0.23601020446248228,-0.09790798262556814,0.5833853926513113,0.55109995870476,0.32089018008075637,-0.464016000568473,10,11,12
-0.36304980043118495,1.0546560886092877,-0.5462869417025411,0.5353923338450645,1.5700039110466426,0.34032221355584186,1.1438556741642336,0.4402569352729889,1.4930688614426313,-0.32583139058977023,-1.040598624677352,0.2739447615623517,-0.6432494670875735,-1.2353507832384072,-0.4499436443692835,-0.38504001604182436,-1.257656291045065,-0.9196708066060183,0.9824327607288114,-1.9688939051854837,0.23094010767585052,0.44789273574770366,-0.7084498152194062,1.178860115170367,0.7663987284695665,1.7008665818906816,-0.5406986566036541,-1.0037892104979562,-0.3992894854413955,-0.7142362329569328,6,0,0
-0.36304980043118495,1.0546560886092877,-0.5462869417025411,0.5353923338450645,-0.6369410884673211,0.34032221355584186,1.1438556741642336,1.3603706359757965,0.677353508372314,0.8336586930404926,-1.040598624677352,0.2739447615623517,-0.6432494670875735,-1.2353507832384072,-0.4499436443692835,-0.38504001604182436,-1.257656291045065,-0.9196708066060183,0.9824327607288114,0.5078993831847903,0.23094010767585052,0.44789273574770366,-0.7084498152194062,1.178860115170367,-0.23601020446248228,-0.997295264883693,-0.5406986566036541,-0.2263446258965981,1.0410698456029082,-0.7142362329569328,13,12,12
-0.36304980043118495,-0.9481763873554655,1.023046454461126,0.5353923338450645,-0.6369410884673211,0.34032221355584186,-0.6853872055720913,-1.3999704661326267,-0.1383618446980032,-0.32583139058977023,-1.040598624677352,2.13960305151285,0.7922507560739607,1.1507790914763643,-0.4499436443692835,-0.38504001604182436,0.795129803842541,1.087345594550762,-1.0178813654973768,-1.9688939051854837,0.23094010767585052,0.44789273574770366,1.4115325863841197,0.06219405883392808,0.7663987284695665,0.8014792996325567,-0.5406986566036541,-1.0037892104979562,-0.3992894854413955,-0.7142362329569328,7,0,0
-0.36304980043118495,1.0546560886092877,-0.5462869417025411,0.5353923338450645,-0.6369410884673211,0.34032221355584186,-0.6853872055720913,-1.3999704661326267,-0.1383618446980032,-0.32583139058977023,-1.040598624677352,0.2739447615623517,2.227750979235495,-1.2353507832384072,-0.4499436443692835,-0.38504001604182436,-1.257656291045065,-0.9196708066060183,-1.0178813654973768,0.5078993831847903,0.23094010767585052,0.44789273574770366,-0.7084498152194062,0.06219405883392808,-0.23601020446248228,-0.09790798262556814,-0.5406986566036541,-1.0037892104979562,0.32089018008075637,0.03642446420844665,18,18,18
-0.36304980043118495,1.0546560886092877,0.23837975637929248,0.5353923338450645,-0.6369410884673211,0.34032221355584186,-0.6853872055720913,0.4402569352729889,-0.1383618446980032,-0.32583139058977023,-1.040598624677352,-1.5917135283881467,0.7922507560739607,-1.2353507832384072,-0.4499436443692835,-0.38504001604182436,-1.257656291045065,-0.9196708066060183,-1.0178813654973768,0.5078993831847903,0.23094010767585052,0.44789273574770366,-0.7084498152194062,1.178860115170367,-1.238419137394531,-0.997295264883693,-0.5406986566036541,-1.0037892104979562,-1.1194691509635473,-0.21379576818001317,12,12,13
-0.36304980043118495,1.0546560886092877,4.1617132467884606,0.5353923338450645,-0.6369410884673211,0.34032221355584186,0.2292342342960711,-1.3999704661326267,0.677353508372314,0.8336586930404926,0.6168064428531078,0.2739447615623517,-0.6432494670875735,-1.2353507832384072,3.5893231630367843,-0.38504001604182436,-1.257656291045065,-0.9196708066060183,-1.0178813654973768,-1.9688939051854837,-4.330127018922193,0.44789273574770366,1.4115325863841197,1.178860115170367,0.7663987284695665,1.7008665818906816,3.955637540416207,2.1059891279074763,-1.8396488164856992,1.2875256261507457,6,8,8
-0.36304980043118495,1.0546560886092877,1.023046454461126,-1.8677891646640323,1.5700039110466426,0.34032221355584186,0.2292342342960711,0.4402569352729889,-0.1383618446980032,0.8336586930404926,-1.040598624677352,0.2739447615623517,-0.6432494670875735,-0.04228584588102149,0.8964786247660724,-0.38504001604182436,0.795129803842541,-0.9196708066060183,-1.0178813654973768,0.5078993831847903,0.23094010767585052,0.44789273574770366,1.4115325863841197,0.06219405883392808,-0.23601020446248228,-0.09790798262556814,-0.5406986566036541,0.55109995870476,1.0410698456029082,0.28664469659690645,3,5,5
-0.36304980043118495,1.0546560886092877,-0.5462869417025411,0.5353923338450645,-0.6369410884673211,0.34032221355584186,-2.5146300853084163,-0.4798567654298188,-0.1383618446980032,-0.32583139058977023,0.6168064428531078,0.2739447615623517,-0.6432494670875735,-1.2353507832384072,-0.4499436443692835,-0.38504001604182436,-1.257656291045065,1.087345594550762,-1.0178813654973768,-1.9688939051854837,0.23094010767585052,0.44789273574770366,-0.7084498152194062,0.06219405883392808,-0.23601020446248228,-0.997295264883693,0.5833853926513113,1.328544543306118,1.0410698456029082,-0.7142362329569328,13,15,15
-0.36304980043118495,1.0546560886092877,1.023046454461126,0.5353923338450645,-0.6369410884673211,0.34032221355584186,0.2292342342960711,-0.4798567654298188,0.677353508372314,-0.32583139058977023,-1.040598624677352,0.2739447615623517,0.7922507560739607,-1.2353507832384072,0.8964786247660724,-0.38504001604182436,-1.257656291045065,-0.9196708066060183,-1.0178813654973768,0.5078993831847903,-4.330127018922193,0.44789273574770366,-0.7084498152194062,0.06219405883392808,0.7663987284695665,1.7008665818906816,0.5833853926513113,1.328544543306118,1.0410698456029082,-0.7142362329569328,6,8,8
-0.36304980043118495,1.0546560886092877,-0.5462869417025411,0.5353923338450645,-0.6369410884673211,0.34032221355584186,0.2292342342960711,0.4402569352729889,-1.7697925508386376,-0.32583139058977023,1.4455089766183378,2.13960305151285,2.227750979235495,-0.04228584588102149,-0.4499436443692835,2.5971326572232862,0.795129803842541,-0.9196708066060183,-1.0178813654973768,-1.9688939051854837,0.23094010767585052,0.44789273574770366,-0.7084498152194062,1.178860115170367,-0.23601020446248228,-0.09790798262556814,-0.5406986566036541,0.55109995870476,-1.1194691509635473,0.03642446420844665,7,10,10
-0.36304980043118495,1.0546560886092877,1.023046454461126,0.5353923338450645,-0.6369410884673211,0.34032221355584186,-0.6853872055720913,-1.3999704661326267,0.677353508372314,0.8336586930404926,0.6168064428531078,0.2739447615623517,-0.6432494670875735,-1.2353507832384072,0.8964786247660724,-0.38504001604182436,-1.257656291045065,-0.9196708066060183,-1.0178813654973768,-1.9688939051854837,-4.330127018922193,0.44789273574770366,-0.7084498152194062,-1.0544719975025107,-1.238419137394531,1.7008665818906816,0.5833853926513113,2.1059891279074763,1.0410698456029082,-0.21379576818001317,6,9,8
-0.36304980043118495,1.0546560886092877,-0.5462869417025411,-1.8677891646640323,-0.6369410884673211,0.34032221355584186,-0.6853872055720913,-1.3999704661326267,-0.1383618446980032,-0.32583139058977023,-1.040598624677352,0.2739447615623517,0.7922507560739607,-1.2353507832384072,-0.4499436443692835,-0.38504001604182436,-1.257656291045065,-0.9196708066060183,0.9824327607288114,-1.9688939051854837,0.23094010767585052,-2.2326774251665835,-0.7084498152194062,-1.0544719975025107,-0.23601020446248228,-0.997295264883693,-0.5406986566036541,0.55109995870476,-0.3992894854413955,-0.7142362329569328,8,9,8
-0.36304980043118495,1.0546560886092877,0.23837975637929248,-1.8677891646640323,-0.6369410884673211,0.34032221355584186,-0.6853872055720913,-1.3999704661326267,-0.1383618446980032,-0.32583139058977023,-1.040598624677352,0.2739447615623517,-0.6432494670875735,-1.2353507832384072,-0.4499436443692835,-0.38504001604182436,-1.257656291045065,-0.9196708066060183,-1.0178813654973768,-1.9688939051854837,0.23094010767585052,0.44789273574770366,-0.7084498152194062,0.06219405883392808,0.7663987284695665,-0.997295264883693,0.5833853926513113,1.328544543306118,1.0410698456029082,-0.7142362329569328,8,12,12
-0.36304980043118495,1.0546560886092877,0.23837975637929248,0.5353923338450645,1.5700039110466426,0.34032221355584186,-1.6000086454402538,-1.3999704661326267,-0.9540771977683203,-0.32583139058977023,-1.040598624677352,0.2739447615623517,0.7922507560739607,-1.2353507832384072,0.8964786247660724,-0.38504001604182436,0.795129803842541,-0.9196708066060183,0.9824327607288114,0.5078993831847903,0.23094010767585052,0.44789273574770366,-0.7084498152194062,0.06219405883392808,0.7663987284695665,0.8014792996325567,-0.5406986566036541,-0.2263446258965981,1.0410698456029082,-0.464016000568473,7,9,8
-0.36304980043118495,-0.9481763873554655,0.23837975637929248,0.5353923338450645,1.5700039110466426,0.34032221355584186,1.1438556741642336,-0.4798567654298188,1.4930688614426313,0.8336586930404926,1.4455089766183378,0.2739447615623517,-0.6432494670875735,2.34384402883375,-0.4499436443692835,-0.38504001604182436,0.795129803842541,1.087345594550762,0.9824327607288114,0.5078993831847903,0.23094010767585052,0.44789273574770366,-0.7084498152194062,0.06219405883392808,-1.238419137394531,-0.09790798262556814,-0.5406986566036541,-1.0037892104979562,0.32089018008075637,0.03642446420844665,14,12,13
-0.36304980043118495,1.0546560886092877,1.8077131525429595,0.5353923338450645,1.5700039110466426,-2.938391795091903,1.1438556741642336,0.4402569352729889,0.677353508372314,-2.644811557850296,1.4455089766183378,0.2739447615623517,-0.6432494670875735,-0.04228584588102149,-0.4499436443692835,-0.38504001604182436,0.795129803842541,-0.9196708066060183,-1.0178813654973768,0.5078993831847903,0.23094010767585052,0.44789273574770366,-0.7084498152194062,0.06219405883392808,-0.23601020446248228,-1.896682547141818,-0.5406986566036541,-1.0037892104979562,-1.8396488164856992,0.7870851613738261,11,11,11
-0.36304980043118495,1.0546560886092877,1.023046454461126,0.5353923338450645,-0.6369410884673211,0.34032221355584186,-0.6853872055720913,-1.3999704661326267,-0.1383618446980032,-0.32583139058977023,-0.2118960909121221,0.2739447615623517,-0.6432494670875735,-0.04228584588102149,-0.4499436443692835,-0.38504001604182436,-1.257656291045065,-0.9196708066060183,0.9824327607288114,0.5078993831847903,0.23094010767585052,0.44789273574770366,-0.7084498152194062,1.178860115170367,-1.238419137394531,0.8014792996325567,-0.5406986566036541,-0.2263446258965981,0.32089018008075637,0.28664469659690645,15,14,14
-0.36304980043118495,-0.9481763873554655,0.23837975637929248,0.5353923338450645,1.5700039110466426,0.34032221355584186,-0.6853872055720913,-0.4798567654298188,0.677353508372314,0.8336586930404926,-1.040598624677352,-1.5917135283881467,-0.6432494670875735,2.34384402883375,-0.4499436443692835,-0.38504001604182436,-1.257656291045065,1.087345594550762,0.9824327607288114,0.5078993831847903,0.23094010767585052,0.44789273574770366,1.4115325863841197,-1.0544719975025107,0.7663987284695665,-1.896682547141818,-0.5406986566036541,-1.0037892104979562,-1.1194691509635473,-0.7142362329569328,10,9,0
-0.36304980043118495,-0.9481763873554655,1.023046454461126,0.5353923338450645,-0.6369410884673211,0.34032221355584186,1.1438556741642336,0.4402569352729889,0.677353508372314,-0.32583139058977023,-0.2118960909121221,-1.5917135283881467,-0.6432494670875735,-0.04228584588102149,-0.4499436443692835,-0.38504001604182436,0.795129803842541,1.087345594550762,-1.0178813654973768,0.5078993831847903,0.23094010767585052,0.44789273574770366,1.4115325863841197,-1.0544719975025107,-2.2408280703265797,-0.997295264883693,-0.5406986566036541,0.55109995870476,-1.1194691509635473,1.9130762071218952,17,18,18
-0.36304980043118495,1.0546560886092877,1.023046454461126,0.5353923338450645,-0.6369410884673211,0.34032221355584186,1.1438556741642336,0.4402569352729889,1.4930688614426313,-0.32583139058977023,-1.040598624677352,0.2739447615623517,-0.6432494670875735,-0.04228584588102149,-0.4499436443692835,-0.38504001604182436,0.795129803842541,1.087345594550762,-1.0178813654973768,-1.9688939051854837,0.23094010767585052,0.44789273574770366,-0.7084498152194062,0.06219405883392808,-0.23601020446248228,-0.997295264883693,-0.5406986566036541,-1.0037892104979562,-0.3992894854413955,-0.464016000568473,8,8,8
-0.36304980043118495,1.0546560886092877,1.023046454461126,-1.8677891646640323,-0.6369410884673211,0.34032221355584186,0.2292342342960711,-0.4798567654298188,-0.1383618446980032,-0.32583139058977023,-1.040598624677352,0.2739447615623517,-0.6432494670875735,1.1507790914763643,-0.4499436443692835,-0.38504001604182436,-1.257656291045065,-0.9196708066060183,0.9824327607288114,-1.9688939051854837,0.23094010767585052,-2.2326774251665835,-0.7084498152194062,1.178860115170367,-0.23601020446248228,-0.997295264883693,-0.5406986566036541,-1.0037892104979562,-0.3992894854413955,-0.5891261167627029,13,12,12
-0.36304980043118495,-0.9481763873554655,0.23837975637929248,0.5353923338450645,-0.6369410884673211,0.34032221355584186,0.2292342342960711,0.4402569352729889,-0.1383618446980032,-0.32583139058977023,-0.2118960909121221,0.2739447615623517,-0.6432494670875735,1.1507790914763643,-0.4499436443692835,-0.38504001604182436,-1.257656291045065,-0.9196708066060183,0.9824327607288114,-1.9688939051854837,0.23094010767585052,-2.2326774251665835,-0.7084498152194062,-1.0544719975025107,-1.238419137394531,-0.09790798262556814,-0.5406986566036541,-1.0037892104979562,0.32089018008075637,-0.21379576818001317,10,9,9
-0.36304980043118495,-0.9481763873554655,1.023046454461126,0.5353923338450645,-0.6369410884673211,0.34032221355584186,-0.6853872055720913,-0.4798567654298188,-1.7697925508386376,0.8336586930404926,-0.2118960909121221,0.2739447615623517,-0.6432494670875735,1.1507790914763643,-0.4499436443692835,-0.38504001604182436,0.795129803842541,1.087345594550762,0.9824327607288114,0.5078993831847903,0.23094010767585052,0.44789273574770366,1.4115325863841197,0.06219405883392808,-0.23601020446248228,-0.09790798262556814,-0.5406986566036541,-1.0037892104979562,-0.3992894854413955,-0.7142362329569328,9,10,0
-0.36304980043118495,1.0546560886092877,1.023046454461126,-1.8677891646640323,1.5700039110466426,-2.938391795091903,0.2292342342960711,1.3603706359757965,-0.1383618446980032,-0.32583139058977023,1.4455089766183378,0.2739447615623517,0.7922507560739607,-0.04228584588102149,-0.4499436443692835,-0.38504001604182436,0.795129803842541,1.087345594550762,0.9824327607288114,0.5078993831847903,0.23094010767585052,0.44789273574770366,-0.7084498152194062,0.06219405883392808,-1.238419137394531,1.7008665818906816,1.7074694419062766,1.328544543306118,-1.8396488164856992,0.912195277568056,17,17,17
-0.36304980043118495,1.0546560886092877,0.23837975637929248,0.5353923338450645,-0.6369410884673211,0.34032221355584186,0.2292342342960711,-1.3999704661326267,0.677353508372314,-0.32583139058977023,0.6168064428531078,0.2739447615623517,-0.6432494670875735,-0.04228584588102149,-0.4499436443692835,-0.38504001604182436,-1.257656291045065,1.087345594550762,0.9824327607288114,0.5078993831847903,0.23094010767585052,0.44789273574770366,1.4115325863841197,1.178860115170367,0.7663987284695665,0.8014792996325567,1.7074694419062766,1.328544543306118,1.0410698456029082,-0.464016000568473,9,9,10
-0.36304980043118495,-0.9481763873554655,1.023046454461126,-1.8677891646640323,-0.6369410884673211,0.34032221355584186,1.1438556741642336,1.3603706359757965,1.4930688614426313,-0.32583139058977023,1.4455089766183378,0.2739447615623517,0.7922507560739607,-0.04228584588102149,-0.4499436443692835,-0.38504001604182436,-1.257656291045065,1.087345594550762,0.9824327607288114,0.5078993831847903,0.23094010767585052,0.44789273574770366,-0.7084498152194062,0.06219405883392808,-0.23601020446248228,0.8014792996325567,0.5833853926513113,-0.2263446258965981,0.32089018008075637,0.28664469659690645,12,10,11
-0.36304980043118495,1.0546560886092877,1.023046454461126,0.5353923338450645,-0.6369410884673211,0.34032221355584186,1.1438556741642336,-0.4798567654298188,-0.9540771977683203,-0.32583139058977023,1.4455089766183378,-1.5917135283881467,-0.6432494670875735,-0.04228584588102149,-0.4499436443692835,-0.38504001604182436,0.795129803842541,1.087345594550762,0.9824327607288114,0.5078993831847903,0.23094010767585052,0.44789273574770366,1.4115325863841197,1.178860115170367,0.7663987284695665,1.7008665818906816,-0.5406986566036541,0.55109995870476,1.0410698456029082,0.5368649289853663,10,9,10
-0.36304980043118495,-0.9481763873554655,1.023046454461126,-1.8677891646640323,-0.6369410884673211,0.34032221355584186,-0.6853872055720913,-1.3999704661326267,-0.1383618446980032,-0.32583139058977023,1.4455089766183378,0.2739447615623517,0.7922507560739607,-0.04228584588102149,-0.4499436443692835,-0.38504001604182436,0.795129803842541,-0.9196708066060183,-1.0178813654973768,0.5078993831847903,-4.330127018922193,0.44789273574770366,1.4115325863841197,0.06219405883392808,-0.23601020446248228,1.7008665818906816,-0.5406986566036541,-0.2263446258965981,-0.3992894854413955,-0.7142362329569328,6,0,0
-0.36304980043118495,-0.9481763873554655,1.8077131525429595,0.5353923338450645,-0.6369410884673211,0.34032221355584186,0.2292342342960711,0.4402569352729889,-0.1383618446980032,0.8336586930404926,-0.2118960909121221,2.13960305151285,-0.6432494670875735,-0.04228584588102149,2.2429008939014285,-0.38504001604182436,0.795129803842541,1.087345594550762,0.9824327607288114,0.5078993831847903,0.23094010767585052,0.44789273574770366,-0.7084498152194062,0.06219405883392808,-0.23601020446248228,1.7008665818906816,1.7074694419062766,0.55109995870476,1.0410698456029082,1.1624155099565159,9,9,9
-0.36304980043118495,-0.9481763873554655,1.023046454461126,0.5353923338450645,-0.6369410884673211,0.34032221355584186,-0.6853872055720913,0.4402569352729889,-0.1383618446980032,0.8336586930404926,1.4455089766183378,-1.5917135283881467,-0.6432494670875735,2.34384402883375,-0.4499436443692835,-0.38504001604182436,0.795129803842541,1.087345594550762,0.9824327607288114,0.5078993831847903,0.23094010767585052,0.44789273574770366,1.4115325863841197,0.06219405883392808,1.7688076614016153,1.7008665818906816,-0.5406986566036541,0.55109995870476,-1.1194691509635473,-0.21379576818001317,15,14,14
-0.36304980043118495,-0.9481763873554655,1.023046454461126,0.5353923338450645,1.5700039110466426,0.34032221355584186,-1.6000086454402538,-1.3999704661326267,-0.1383618446980032,-0.32583139058977023,-0.2118960909121221,0.2739447615623517,0.7922507560739607,-0.04228584588102149,-0.4499436443692835,-0.38504001604182436,0.795129803842541,1.087345594550762,-1.0178813654973768,-1.9688939051854837,0.23094010767585052,-2.2326774251665835,-0.7084498152194062,0.06219405883392808,0.7663987284695665,-0.09790798262556814,-0.5406986566036541,-1.0037892104979562,-0.3992894854413955,-0.464016000568473,11,11,11
-0.36304980043118495,1.0546560886092877,0.23837975637929248,-1.8677891646640323,-0.6369410884673211,0.34032221355584186,-1.6000086454402538,-0.4798567654298188,-1.7697925508386376,-2.644811557850296,-0.2118960909121221,0.2739447615623517,-0.6432494670875735,-0.04228584588102149,-0.4499436443692835,-0.38504001604182436,0.795129803842541,1.087345594550762,0.9824327607288114,-1.9688939051854837,0.23094010767585052,-2.2326774251665835,1.4115325863841197,-1.0544719975025107,1.7688076614016153,-0.997295264883693,0.5833853926513113,-0.2263446258965981,-1.8396488164856992,-0.464016000568473,15,14,14
-0.36304980043118495,-0.9481763873554655,0.23837975637929248,0.5353923338450645,-0.6369410884673211,0.34032221355584186,-0.6853872055720913,1.3603706359757965,-1.7697925508386376,-1.4853214742200331,1.4455089766183378,0.2739447615623517,0.7922507560739607,-0.04228584588102149,-0.4499436443692835,-0.38504001604182436,0.795129803842541,1.087345594550762,-1.0178813654973768,0.5078993831847903,0.23094010767585052,0.44789273574770366,1.4115325863841197,0.06219405883392808,-0.23601020446248228,-0.09790798262556814,-0.5406986566036541,-1.0037892104979562,-1.8396488164856992,-0.464016000568473,10,10,10
-0.36304980043118495,-0.9481763873554655,0.23837975637929248,0.5353923338450645,1.5700039110466426,0.34032221355584186,-0.6853872055720913,-0.4798567654298188,0.677353508372314,-0.32583139058977023,-1.040598624677352,0.2739447615623517,0.7922507560739607,-0.04228584588102149,-0.4499436443692835,2.5971326572232862,0.795129803842541,1.087345594550762,-1.0178813654973768,0.5078993831847903,0.23094010767585052,0.44789273574770366,1.4115325863841197,0.06219405883392808,0.7663987284695665,0.8014792996325567,0.5833853926513113,0.55109995870476,1.0410698456029082,0.03642446420844665,12,12,12
-0.36304980043118495,-0.9481763873554655,1.023046454461126,-1.8677891646640323,-0.6369410884673211,-2.938391795091903,0.2292342342960711,-0.4798567654298188,-0.1383618446980032,0.8336586930404926,-0.2118960909121221,0.2739447615623517,0.7922507560739607,-0.04228584588102149,-0.4499436443692835,-0.38504001604182436,-1.257656291045065,-0.9196708066060183,-1.0178813654973768,-1.9688939051854837,-4.330127018922193,0.44789273574770366,1.4115325863841197,0.06219405883392808,-2.2408280703265797,-1.896682547141818,-0.5406986566036541,-1.0037892104979562,1.0410698456029082,8.669022481610309,10,9,9
-0.36304980043118495,1.0546560886092877,1.023046454461126,0.5353923338450645,-0.6369410884673211,0.34032221355584186,1.1438556741642336,1.3603706359757965,1.4930688614426313,0.8336586930404926,-0.2118960909121221,0.2739447615623517,0.7922507560739607,-1.2353507832384072,-0.4499436443692835,-0.38504001604182436,-1.257656291045065,1.087345594550762,0.9824327607288114,0.5078993831847903,0.23094010767585052,0.44789273574770366,-0.7084498152194062,-1.0544719975025107,-1.238419137394531,0.8014792996325567,-0.5406986566036541,1.328544543306118,-0.3992894854413955,2.038186323316125,9,9,9
-0.36304980043118495,-0.9481763873554655,1.023046454461126,0.5353923338450645,-0.6369410884673211,0.34032221355584186,1.1438556741642336,1.3603706359757965,-0.9540771977683203,-1.4853214742200331,1.4455089766183378,-1.5917135283881467,-0.6432494670875735,-0.04228584588102149,0.8964786247660724,2.5971326572232862,0.795129803842541,-0.9196708066060183,0.9824327607288114,0.5078993831847903,0.23094010767585052,0.44789273574770366,1.4115325863841197,-2.1711380538389498,0.7663987284695665,0.8014792996325567,-0.5406986566036541,-1.0037892104979562,0.32089018008075637,1.1624155099565159,9,8,8
-0.36304980043118495,1.0546560886092877,1.023046454461126,0.5353923338450645,1.5700039110466426,0.34032221355584186,1.1438556741642336,0.4402569352729889,1.4930688614426313,0.8336586930404926,-1.040598624677352,0.2739447615623517,0.7922507560739607,-1.2353507832384072,-0.4499436443692835,-0.38504001604182436,-1.257656291045065,1.087345594550762,0.9824327607288114,0.5078993831847903,0.23094010767585052,0.44789273574770366,-0.7084498152194062,0.06219405883392808,-1.238419137394531,-0.09790798262556814,-0.5406986566036541,-0.2263446258965981,-1.8396488164856992,0.28664469659690645,10,11,10
-0.36304980043118495,1.0546560886092877,0.23837975637929248,0.5353923338450645,1.5700039110466426,-2.938391795091903,1.1438556741642336,-1.3999704661326267,0.677353508372314,-0.32583139058977023,-0.2118960909121221,0.2739447615623517,0.7922507560739607,-1.2353507832384072,-0.4499436443692835,-0.38504001604182436,-1.257656291045065,1.087345594550762,0.9824327607288114,0.5078993831847903,0.23094010767585052,0.44789273574770366,1.4115325863841197,0.06219405883392808,1.7688076614016153,0.8014792996325567,0.5833853926513113,1.328544543306118,1.0410698456029082,3.0390672528699643,8,8,8
-0.36304980043118495,1.0546560886092877,0.23837975637929248,0.5353923338450645,1.5700039110466426,-2.938391795091903,0.2292342342960711,-0.4798567654298188,1.4930688614426313,0.8336586930404926,-0.2118960909121221,0.2739447615623517,-0.6432494670875735,-1.2353507832384072,0.8964786247660724,-0.38504001604182436,-1.257656291045065,-0.9196708066060183,-1.0178813654973768,0.5078993831847903,0.23094010767585052,0.44789273574770366,-0.7084498152194062,0.06219405883392808,0.7663987284695665,0.8014792996325567,1.7074694419062766,1.328544543306118,-0.3992894854413955,1.6628559747334355,11,9,10
-0.36304980043118495,-0.9481763873554655,1.023046454461126,-1.8677891646640323,1.5700039110466426,0.34032221355584186,-1.6000086454402538,-1.3999704661326267,-1.7697925508386376,-0.32583139058977023,1.4455089766183378,0.2739447615623517,0.7922507560739607,2.34384402883375,-0.4499436443692835,-0.38504001604182436,0.795129803842541,1.087345594550762,0.9824327607288114,0.5078993831847903,0.23094010767585052,-2.2326774251665835,-0.7084498152194062,1.178860115170367,-1.238419137394531,-0.997295264883693,-0.5406986566036541,-1.0037892104979562,-0.3992894854413955,-0.5891261167627029,12,12,12
-0.36304980043118495,-0.9481763873554655,1.023046454461126,0.5353923338450645,-0.6369410884673211,0.34032221355584186,-1.6000086454402538,-1.3999704661326267,-0.1383618446980032,-0.32583139058977023,-0.2118960909121221,0.2739447615623517,0.7922507560739607,-0.04228584588102149,-0.4499436443692835,2.5971326572232862,-1.257656291045065,-0.9196708066060183,0.9824327607288114,0.5078993831847903,0.23094010767585052,0.44789273574770366,-0.7084498152194062,1.178860115170367,0.7663987284695665,0.8014792996325567,-0.5406986566036541,-1.0037892104979562,0.32089018008075637,-0.21379576818001317,8,9,10
-0.36304980043118495,-0.9481763873554655,0.23837975637929248,0.5353923338450645,-0.6369410884673211,0.34032221355584186,-0.6853872055720913,-0.4798567654298188,-0.1383618446980032,-0.32583139058977023,-1.040598624677352,0.2739447615623517,-0.6432494670875735,-0.04228584588102149,-0.4499436443692835,-0.38504001604182436,0.795129803842541,-0.9196708066060183,-1.0178813654973768,-1.9688939051854837,0.23094010767585052,0.44789273574770366,-0.7084498152194062,1.178860115170367,0.7663987284695665,1.7008665818906816,-0.5406986566036541,-0.2263446258965981,1.0410698456029082,-0.21379576818001317,10,9,11
-0.36304980043118495,1.0546560886092877,0.23837975637929248,0.5353923338450645,-0.6369410884673211,0.34032221355584186,-1.6000086454402538,-1.3999704661326267,-0.1383618446980032,-0.32583139058977023,1.4455089766183378,-1.5917135283881467,-0.6432494670875735,-0.04228584588102149,-0.4499436443692835,-0.38504001604182436,-1.257656291045065,1.087345594550762,-1.0178813654973768,-1.9688939051854837,0.23094010767585052,0.44789273574770366,-0.7084498152194062,0.06219405883392808,-0.23601020446248228,-0.09790798262556814,-0.5406986566036541,-0.2263446258965981,0.32089018008075637,-0.464016000568473,12,10,11
-0.36304980043118495,-0.9481763873554655,1.023046454461126,0.5353923338450645,-0.6369410884673211,0.34032221355584186,-0.6853872055720913,-0.4798567654298188,-1.7697925508386376,-2.644811557850296,0.6168064428531078,0.2739447615623517,-0.6432494670875735,1.1507790914763643,-0.4499436443692835,-0.38504001604182436,0.795129803842541,1.087345594550762,-1.0178813654973768,0.5078993831847903,0.23094010767585052,0.44789273574770366,-0.7084498152194062,0.06219405883392808,-0.23601020446248228,-0.09790798262556814,-0.5406986566036541,-0.2263446258965981,-1.1194691509635473,-0.08868565198578325,18,18,19
-0.36304980043118495,-0.9481763873554655,0.23837975637929248,0.5353923338450645,-0.6369410884673211,0.34032221355584186,-1.6000086454402538,-1.3999704661326267,0.677353508372314,1.9931487766707554,1.4455089766183378,0.2739447615623517,-0.6432494670875735,1.1507790914763643,-0.4499436443692835,-0.38504001604182436,0.795129803842541,1.087345594550762,-1.0178813654973768,0.5078993831847903,0.23094010767585052,0.44789273574770366,-0.7084498152194062,0.06219405883392808,-0.23601020446248228,-0.09790798262556814,-0.5406986566036541,-1.0037892104979562,-0.3992894854413955,0.03642446420844665,13,12,12
-0.36304980043118495,1.0546560886092877,1.023046454461126,0.5353923338450645,-0.6369410884673211,0.34032221355584186,-0.6853872055720913,-1.3999704661326267,0.677353508372314,0.8336586930404926,1.4455089766183378,0.2739447615623517,-0.6432494670875735,1.1507790914763643,-0.4499436443692835,-0.38504001604182436,-1.257656291045065,1.087345594550762,0.9824327607288114,0.5078993831847903,0.23094010767585052,0.44789273574770366,-0.7084498152194062,0.06219405883392808,-1.238419137394531,0.8014792996325567,-0.5406986566036541,0.55109995870476,-1.1194691509635473,0.03642446420844665,15,14,14
-0.36304980043118495,1.0546560886092877,1.023046454461126,0.5353923338450645,1.5700039110466426,-2.938391795091903,1.1438556741642336,1.3603706359757965,1.4930688614426313,1.9931487766707554,1.4455089766183378,0.2739447615623517,-0.6432494670875735,-0.04228584588102149,-0.4499436443692835,-0.38504001604182436,0.795129803842541,1.087345594550762,0.9824327607288114,0.5078993831847903,0.23094010767585052,0.44789273574770366,-0.7084498152194062,1.178860115170367,0.7663987284695665,-0.09790798262556814,-0.5406986566036541,-1.0037892104979562,-1.1194691509635473,0.41175481279113635,15,13,15
-0.36304980043118495,1.0546560886092877,1.023046454461126,0.5353923338450645,-0.6369410884673211,0.34032221355584186,1.1438556741642336,-0.4798567654298188,1.4930688614426313,-0.32583139058977023,-0.2118960909121221,0.2739447615623517,-0.6432494670875735,-0.04228584588102149,-0.4499436443692835,-0.38504001604182436,0.795129803842541,1.087345594550762,0.9824327607288114,0.5078993831847903,0.23094010767585052,0.44789273574770366,1.4115325863841197,0.06219405883392808,-0.23601020446248228,-0.997295264883693,-0.5406986566036541,1.328544543306118,1.0410698456029082,0.6619750451795962,12,11,11
-0.36304980043118495,-0.9481763873554655,0.23837975637929248,0.5353923338450645,-0.6369410884673211,0.34032221355584186,1.1438556741642336,0.4402569352729889,-0.9540771977683203,0.8336586930404926,1.4455089766183378,0.2739447615623517,-0.6432494670875735,1.1507790914763643,-0.4499436443692835,-0.38504001604182436,0.795129803842541,1.087345594550762,-1.0178813654973768,0.5078993831847903,0.23094010767585052,0.44789273574770366,-0.7084498152194062,0.06219405883392808,-1.238419137394531,-0.997295264883693,-0.5406986566036541,-0.2263446258965981,-0.3992894854413955,-0.7142362329569328,15,15,15
-0.36304980043118495,-0.9481763873554655,1.023046454461126,0.5353923338450645,1.5700039110466426,0.34032221355584186,-0.6853872055720913,-1.3999704661326267,0.677353508372314,-2.644811557850296,1.4455089766183378,0.2739447615623517,-0.6432494670875735,-0.04228584588102149,0.8964786247660724,-0.38504001604182436,-1.257656291045065,-0.9196708066060183,-1.0178813654973768,0.5078993831847903,0.23094010767585052,0.44789273574770366,1.4115325863841197,1.178860115170367,0.7663987284695665,-0.09790798262556814,-0.5406986566036541,-1.0037892104979562,1.0410698456029082,0.7870851613738261,12,12,13
-0.36304980043118495,-0.9481763873554655,0.23837975637929248,-1.8677891646640323,1.5700039110466426,0.34032221355584186,0.2292342342960711,-1.3999704661326267,0.677353508372314,-0.32583139058977023,1.4455089766183378,0.2739447615623517,0.7922507560739607,2.34384402883375,-0.4499436443692835,-0.38504001604182436,0.795129803842541,1.087345594550762,-1.0178813654973768,0.5078993831847903,0.23094010767585052,-2.2326774251665835,-0.7084498152194062,-1.0544719975025107,-2.2408280703265797,-0.997295264883693,-0.5406986566036541,-1.0037892104979562,-0.3992894854413955,0.03642446420844665,18,18,18
-0.36304980043118495,1.0546560886092877,1.023046454461126,-1.8677891646640323,1.5700039110466426,0.34032221355584186,0.2292342342960711,-0.4798567654298188,0.677353508372314,-0.32583139058977023,1.4455089766183378,0.2739447615623517,0.7922507560739607,1.1507790914763643,-0.4499436443692835,-0.38504001604182436,0.795129803842541,1.087345594550762,0.9824327607288114,0.5078993831847903,0.23094010767585052,0.44789273574770366,-0.7084498152194062,1.178860115170367,0.7663987284695665,-0.997295264883693,-0.5406986566036541,-1.0037892104979562,0.32089018008075637,0.28664469659690645,14,13,14
-0.36304980043118495,1.0546560886092877,0.23837975637929248,0.5353923338450645,-0.6369410884673211,0.34032221355584186,0.2292342342960711,0.4402569352729889,-0.9540771977683203,-0.32583139058977023,-0.2118960909121221,0.2739447615623517,-0.6432494670875735,-1.2353507832384072,-0.4499436443692835,-0.38504001604182436,0.795129803842541,1.087345594550762,-1.0178813654973768,0.5078993831847903,0.23094010767585052,0.44789273574770366,-0.7084498152194062,0.06219405883392808,0.7663987284695665,-0.09790798262556814,-0.5406986566036541,0.55109995870476,1.0410698456029082,-0.21379576818001317,14,12,11
-0.36304980043118495,-0.9481763873554655,1.8077131525429595,0.5353923338450645,-0.6369410884673211,0.34032221355584186,1.1438556741642336,1.3603706359757965,-0.9540771977683203,-0.32583139058977023,1.4455089766183378,2.13960305151285,0.7922507560739607,-0.04228584588102149,-0.4499436443692835,-0.38504001604182436,0.795129803842541,1.087345594550762,0.9824327607288114,0.5078993831847903,0.23094010767585052,0.44789273574770366,-0.7084498152194062,-2.1711380538389498,-0.23601020446248228,0.8014792996325567,0.5833853926513113,0.55109995870476,-1.1194691509635473,-0.7142362329569328,10,9,0
-0.36304980043118495,-0.9481763873554655,1.023046454461126,0.5353923338450645,1.5700039110466426,0.34032221355584186,1.1438556741642336,0.4402569352729889,-0.1383618446980032,-0.32583139058977023,-0.2118960909121221,2.13960305151285,0.7922507560739607,-0.04228584588102149,-0.4499436443692835,-0.38504001604182436,0.795129803842541,1.087345594550762,-1.0178813654973768,0.5078993831847903,0.23094010767585052,0.44789273574770366,1.4115325863841197,0.06219405883392808,0.7663987284695665,1.7008665818906816,-0.5406986566036541,-0.2263446258965981,-1.1194691509635473,0.5368649289853663,10,8,8
-0.36304980043118495,-0.9481763873554655,1.023046454461126,0.5353923338450645,-0.6369410884673211,0.34032221355584186,1.1438556741642336,0.4402569352729889,-0.1383618446980032,-0.32583139058977023,1.4455089766183378,-1.5917135283881467,-0.6432494670875735,2.34384402883375,-0.4499436443692835,-0.38504001604182436,0.795129803842541,1.087345594550762,-1.0178813654973768,0.5078993831847903,0.23094010767585052,0.44789273574770366,-0.7084498152194062,0.06219405883392808,-0.23601020446248228,-0.09790798262556814,-0.5406986566036541,-1.0037892104979562,-0.3992894854413955,-0.7142362329569328,14,13,14
-0.36304980043118495,1.0546560886092877,1.023046454461126,0.5353923338450645,1.5700039110466426,0.34032221355584186,1.1438556741642336,1.3603706359757965,1.4930688614426313,1.9931487766707554,-0.2118960909121221,0.2739447615623517,-0.6432494670875735,-1.2353507832384072,-0.4499436443692835,-0.38504001604182436,0.795129803842541,1.087345594550762,-1.0178813654973768,0.5078993831847903,0.23094010767585052,0.44789273574770366,1.4115325863841197,-3.2878041101753888,0.7663987284695665,-0.997295264883693,0.5833853926513113,-0.2263446258965981,-1.8396488164856992,-0.08868565198578325,16,15,16
-0.36304980043118495,-0.9481763873554655,1.023046454461126,0.5353923338450645,1.5700039110466426,-2.938391795091903,1.1438556741642336,1.3603706359757965,-0.9540771977683203,-0.32583139058977023,-0.2118960909121221,0.2739447615623517,-0.6432494670875735,-0.04228584588102149,-0.4499436443692835,-0.38504001604182436,0.795129803842541,-0.9196708066060183,-1.0178813654973768,0.5078993831847903,0.23094010767585052,0.44789273574770366,1.4115325863841197,0.06219405883392808,-1.238419137394531,0.8014792996325567,-0.5406986566036541,-1.0037892104979562,0.32089018008075637,1.0373053937622858,12,10,11
-0.36304980043118495,1.0546560886092877,0.23837975637929248,0.5353923338450645,1.5700039110466426,0.34032221355584186,1.1438556741642336,1.3603706359757965,-0.1383618446980032,1.9931487766707554,-0.2118960909121221,-1.5917135283881467,0.7922507560739607,-1.2353507832384072,-0.4499436443692835,-0.38504001604182436,-1.257656291045065,1.087345594550762,-1.0178813654973768,0.5078993831847903,0.23094010767585052,0.44789273574770366,-0.7084498152194062,0.06219405883392808,-2.2408280703265797,-1.896682547141818,0.5833853926513113,-0.2263446258965981,1.0410698456029082,-0.7142362329569328,11,11,10
-0.36304980043118495,-0.9481763873554655,0.23837975637929248,0.5353923338450645,-0.6369410884673211,0.34032221355584186,1.1438556741642336,-0.4798567654298188,-0.1383618446980032,-0.32583139058977023,1.4455089766183378,0.2739447615623517,0.7922507560739607,1.1507790914763643,-0.4499436443692835,-0.38504001604182436,0.795129803842541,1.087345594550762,-1.0178813654973768,0.5078993831847903,0.23094010767585052,0.44789273574770366,-0.7084498152194062,0.06219405883392808,-0.23601020446248228,-0.09790798262556814,-0.5406986566036541,-1.0037892104979562,-0.3992894854413955,-0.7142362329569328,15,12,14
-0.36304980043118495,-0.9481763873554655,0.23837975637929248,0.5353923338450645,-0.6369410884673211,0.34032221355584186,0.2292342342960711,-0.4798567654298188,-0.9540771977683203,-1.4853214742200331,1.4455089766183378,-1.5917135283881467,-0.6432494670875735,2.34384402883375,-0.4499436443692835,-0.38504001604182436,0.795129803842541,1.087345594550762,0.9824327607288114,-1.9688939051854837,0.23094010767585052,0.44789273574770366,-0.7084498152194062,1.178860115170367,-1.238419137394531,-0.997295264883693,-0.5406986566036541,-0.2263446258965981,1.0410698456029082,-0.7142362329569328,17,17,18
-0.36304980043118495,1.0546560886092877,1.8077131525429595,0.5353923338450645,-0.6369410884673211,0.34032221355584186,0.2292342342960711,0.4402569352729889,-0.1383618446980032,-0.32583139058977023,-0.2118960909121221,2.13960305151285,-0.6432494670875735,-0.04228584588102149,0.8964786247660724,-0.38504001604182436,0.795129803842541,-0.9196708066060183,0.9824327607288114,0.5078993831847903,0.23094010767585052,0.44789273574770366,1.4115325863841197,0.06219405883392808,0.7663987284695665,0.8014792996325567,-0.5406986566036541,-1.0037892104979562,-0.3992894854413955,1.7879660909276653,15,14,13
-0.36304980043118495,-0.9481763873554655,1.023046454461126,0.5353923338450645,-0.6369410884673211,0.34032221355584186,-0.6853872055720913,1.3603706359757965,0.677353508372314,-2.644811557850296,1.4455089766183378,2.13960305151285,-0.6432494670875735,-0.04228584588102149,0.8964786247660724,-0.38504001604182436,0.795129803842541,1.087345594550762,0.9824327607288114,0.5078993831847903,0.23094010767585052,0.44789273574770366,-0.7084498152194062,0.06219405883392808,0.7663987284695665,-0.09790798262556814,-0.5406986566036541,-1.0037892104979562,-0.3992894854413955,0.28664469659690645,14,12,12
-0.36304980043118495,1.0546560886092877,2.592379850624793,0.5353923338450645,-0.6369410884673211,-2.938391795091903,0.2292342342960711,-0.4798567654298188,0.677353508372314,-0.32583139058977023,-1.040598624677352,2.13960305151285,-0.6432494670875735,-1.2353507832384072,-0.4499436443692835,-0.38504001604182436,-1.257656291045065,-0.9196708066060183,0.9824327607288114,0.5078993831847903,0.23094010767585052,-2.2326774251665835,-0.7084498152194062,1.178860115170367,1.7688076614016153,-0.09790798262556814,-0.5406986566036541,-1.0037892104979562,1.0410698456029082,-0.7142362329569328,17,18,18
-0.36304980043118495,1.0546560886092877,1.8077131525429595,0.5353923338450645,-0.6369410884673211,0.34032221355584186,1.1438556741642336,1.3603706359757965,1.4930688614426313,0.8336586930404926,1.4455089766183378,2.13960305151285,0.7922507560739607,-1.2353507832384072,0.8964786247660724,-0.38504001604182436,0.795129803842541,1.087345594550762,-1.0178813654973768,0.5078993831847903,0.23094010767585052,0.44789273574770366,1.4115325863841197,0.06219405883392808,-0.23601020446248228,0.8014792996325567,-0.5406986566036541,-1.0037892104979562,0.32089018008075637,4.039948182423803,8,9,8
-0.36304980043118495,1.0546560886092877,1.8077131525429595,-1.8677891646640323,-0.6369410884673211,0.34032221355584186,0.2292342342960711,0.4402569352729889,-0.1383618446980032,0.8336586930404926,1.4455089766183378,-1.5917135283881467,-0.6432494670875735,-0.04228584588102149,0.8964786247660724,-0.38504001604182436,-1.257656291045065,-0.9196708066060183,0.9824327607288114,0.5078993831847903,0.23094010767585052,-2.2326774251665835,1.4115325863841197,0.06219405883392808,1.7688076614016153,-0.09790798262556814,-0.5406986566036541,-0.2263446258965981,1.0410698456029082,-0.7142362329569328,15,12,12
-0.36304980043118495,-0.9481763873554655,1.8077131525429595,0.5353923338450645,1.5700039110466426,0.34032221355584186,-1.6000086454402538,-1.3999704661326267,-1.7697925508386376,-0.32583139058977023,1.4455089766183378,2.13960305151285,-0.6432494670875735,-0.04228584588102149,0.8964786247660724,2.5971326572232862,0.795129803842541,-0.9196708066060183,0.9824327607288114,-1.9688939051854837,0.23094010767585052,0.44789273574770366,-0.7084498152194062,0.06219405883392808,0.7663987284695665,-0.09790798262556814,-0.5406986566036541,0.55109995870476,-0.3992894854413955,1.5377458585392054,12,10,10
-0.36304980043118495,-0.9481763873554655,1.8077131525429595,0.5353923338450645,1.5700039110466426,0.34032221355584186,-1.6000086454402538,-0.4798567654298188,0.677353508372314,0.8336586930404926,-0.2118960909121221,2.13960305151285,-0.6432494670875735,-0.04228584588102149,0.8964786247660724,-0.38504001604182436,-1.257656291045065,-0.9196708066060183,0.9824327607288114,-1.9688939051854837,0.23094010767585052,-2.2326774251665835,1.4115325863841197,0.06219405883392808,-1.238419137394531,0.8014792996325567,0.5833853926513113,-0.2263446258965981,-0.3992894854413955,-0.7142362329569328,9,9,0
-0.36304980043118495,-0.9481763873554655,1.8077131525429595,0.5353923338450645,-0.6369410884673211,0.34032221355584186,-0.6853872055720913,-1.3999704661326267,-1.7697925508386376,-0.32583139058977023,0.6168064428531078,2.13960305151285,2.227750979235495,-0.04228584588102149,-0.4499436443692835,-0.38504001604182436,0.795129803842541,-0.9196708066060183,-1.0178813654973768,0.5078993831847903,-4.330127018922193,0.44789273574770366,1.4115325863841197,-1.0544719975025107,0.7663987284695665,-1.896682547141818,-0.5406986566036541,-1.0037892104979562,-1.1194691509635473,1.7879660909276653,14,12,13
-0.36304980043118495,1.0546560886092877,1.8077131525429595,0.5353923338450645,-0.6369410884673211,0.34032221355584186,-1.6000086454402538,-0.4798567654298188,-0.1383618446980032,0.8336586930404926,-1.040598624677352,2.13960305151285,-0.6432494670875735,-0.04228584588102149,0.8964786247660724,-0.38504001604182436,-1.257656291045065,-0.9196708066060183,-1.0178813654973768,-1.9688939051854837,0.23094010767585052,0.44789273574770366,-0.7084498152194062,0.06219405883392808,1.7688076614016153,-0.997295264883693,0.5833853926513113,-0.2263446258965981,0.32089018008075637,-0.33890588437424307,13,11,11
-0.36304980043118495,-0.9481763873554655,1.8077131525429595,0.5353923338450645,1.5700039110466426,0.34032221355584186,0.2292342342960711,-0.4798567654298188,0.677353508372314,-0.32583139058977023,1.4455089766183378,2.13960305151285,0.7922507560739607,-0.04228584588102149,0.8964786247660724,-0.38504001604182436,0.795129803842541,1.087345594550762,-1.0178813654973768,-1.9688939051854837,0.23094010767585052,0.44789273574770366,1.4115325863841197,0.06219405883392808,-1.238419137394531,-0.997295264883693,-0.5406986566036541,-0.2263446258965981,-1.8396488164856992,2.038186323316125,13,10,11
-0.36304980043118495,-0.9481763873554655,1.8077131525429595,0.5353923338450645,-0.6369410884673211,0.34032221355584186,-1.6000086454402538,-1.3999704661326267,-1.7697925508386376,-1.4853214742200331,-0.2118960909121221,2.13960305151285,-0.6432494670875735,1.1507790914763643,2.2429008939014285,-0.38504001604182436,-1.257656291045065,-0.9196708066060183,-1.0178813654973768,-1.9688939051854837,0.23094010767585052,0.44789273574770366,1.4115325863841197,0.06219405883392808,-2.2408280703265797,-0.997295264883693,-0.5406986566036541,-1.0037892104979562,-0.3992894854413955,1.0373053937622858,15,13,13
-0.36304980043118495,-0.9481763873554655,1.8077131525429595,-1.8677891646640323,-0.6369410884673211,0.34032221355584186,-0.6853872055720913,0.4402569352729889,-0.1383618446980032,-0.32583139058977023,1.4455089766183378,2.13960305151285,-0.6432494670875735,1.1507790914763643,0.8964786247660724,-0.38504001604182436,-1.257656291045065,-0.9196708066060183,-1.0178813654973768,0.5078993831847903,0.23094010767585052,0.44789273574770366,1.4115325863841197,0.06219405883392808,-2.2408280703265797,-0.997295264883693,-0.5406986566036541,-1.0037892104979562,-0.3992894854413955,4.290168414812263,13,11,11
-0.36304980043118495,-0.9481763873554655,1.023046454461126,0.5353923338450645,-0.6369410884673211,0.34032221355584186,-0.6853872055720913,-1.3999704661326267,0.677353508372314,-0.32583139058977023,-1.040598624677352,0.2739447615623517,0.7922507560739607,-0.04228584588102149,-0.4499436443692835,-0.38504001604182436,0.795129803842541,1.087345594550762,0.9824327607288114,0.5078993831847903,0.23094010767585052,0.44789273574770366,-0.7084498152194062,1.178860115170367,-0.23601020446248228,-0.09790798262556814,-0.5406986566036541,-0.2263446258965981,-1.8396488164856992,-0.7142362329569328,8,8,0
-0.36304980043118495,-0.9481763873554655,1.023046454461126,0.5353923338450645,-0.6369410884673211,0.34032221355584186,1.1438556741642336,0.4402569352729889,-0.1383618446980032,-0.32583139058977023,-1.040598624677352,0.2739447615623517,-0.6432494670875735,1.1507790914763643,-0.4499436443692835,-0.38504001604182436,0.795129803842541,1.087345594550762,0.9824327607288114,0.5078993831847903,0.23094010767585052,0.44789273574770366,1.4115325863841197,0.06219405883392808,-0.23601020446248228,0.8014792996325567,-0.5406986566036541,-1.0037892104979562,1.0410698456029082,0.41175481279113635,9,10,9
-0.36304980043118495,-0.9481763873554655,0.23837975637929248,-1.8677891646640323,-0.6369410884673211,0.34032221355584186,0.2292342342960711,1.3603706359757965,-1.7697925508386376,0.8336586930404926,-1.040598624677352,-1.5917135283881467,-0.6432494670875735,1.1507790914763643,-0.4499436443692835,-0.38504001604182436,0.795129803842541,1.087345594550762,0.9824327607288114,-1.9688939051854837,0.23094010767585052,0.44789273574770366,-0.7084498152194062,0.06219405883392808,-0.23601020446248228,0.8014792996325567,0.5833853926513113,2.1059891279074763,1.0410698456029082,-0.7142362329569328,11,11,10
-0.36304980043118495,-0.9481763873554655,1.023046454461126,0.5353923338450645,-0.6369410884673211,0.34032221355584186,1.1438556741642336,1.3603706359757965,1.4930688614426313,-0.32583139058977023,-1.040598624677352,0.2739447615623517,-0.6432494670875735,-0.04228584588102149,-0.4499436443692835,-0.38504001604182436,0.795129803842541,1.087345594550762,-1.0178813654973768,0.5078993831847903,0.23094010767585052,0.44789273574770366,-0.7084498152194062,0.06219405883392808,0.7663987284695665,0.8014792996325567,1.7074694419062766,0.55109995870476,1.0410698456029082,-0.464016000568473,11,11,11
-0.36304980043118495,-0.9481763873554655,0.23837975637929248,0.5353923338450645,-0.6369410884673211,-2.938391795091903,1.1438556741642336,0.4402569352729889,0.677353508372314,0.8336586930404926,-1.040598624677352,0.2739447615623517,-0.6432494670875735,-0.04228584588102149,-0.4499436443692835,-0.38504001604182436,0.795129803842541,1.087345594550762,-1.0178813654973768,0.5078993831847903,0.23094010767585052,0.44789273574770366,1.4115325863841197,1.178860115170367,-1.238419137394531,-0.997295264883693,-0.5406986566036541,-0.2263446258965981,1.0410698456029082,2.163296439510355,13,13,13
-0.36304980043118495,-0.9481763873554655,0.23837975637929248,0.5353923338450645,-0.6369410884673211,0.34032221355584186,-0.6853872055720913,-0.4798567654298188,-0.1383618446980032,-0.32583139058977023,-1.040598624677352,0.2739447615623517,-0.6432494670875735,-0.04228584588102149,-0.4499436443692835,-0.38504001604182436,0.795129803842541,-0.9196708066060183,-1.0178813654973768,0.5078993831847903,0.23094010767585052,-2.2326774251665835,1.4115325863841197,0.06219405883392808,-1.238419137394531,-0.997295264883693,-0.5406986566036541,-1.0037892104979562,-0.3992894854413955,0.7870851613738261,11,9,9
-0.36304980043118495,-0.9481763873554655,0.23837975637929248,-1.8677891646640323,1.5700039110466426,0.34032221355584186,-0.6853872055720913,-0.4798567654298188,0.677353508372314,0.8336586930404926,-1.040598624677352,0.2739447615623517,-0.6432494670875735,1.1507790914763643,-0.4499436443692835,-0.38504001604182436,0.795129803842541,1.087345594550762,0.9824327607288114,0.5078993831847903,0.23094010767585052,0.44789273574770366,-0.7084498152194062,-1.0544719975025107,-0.23601020446248228,-0.997295264883693,0.5833853926513113,-0.2263446258965981,-0.3992894854413955,-0.33890588437424307,11,11,11
-0.36304980043118495,-0.9481763873554655,0.23837975637929248,0.5353923338450645,-0.6369410884673211,0.34032221355584186,0.2292342342960711,-1.3999704661326267,0.677353508372314,0.8336586930404926,-1.040598624677352,-1.5917135283881467,-0.6432494670875735,1.1507790914763643,-0.4499436443692835,-0.38504001604182436,0.795129803842541,-0.9196708066060183,-1.0178813654973768,-1.9688939051854837,0.23094010767585052,0.44789273574770366,-0.7084498152194062,-1.0544719975025107,0.7663987284695665,-0.09790798262556814,0.5833853926513113,0.55109995870476,1.0410698456029082,-0.5891261167627029,12,14,15
-0.36304980043118495,-0.9481763873554655,0.23837975637929248,0.5353923338450645,1.5700039110466426,0.34032221355584186,-2.5146300853084163,-0.4798567654298188,-1.7697925508386376,-2.644811557850296,-0.2118960909121221,-1.5917135283881467,0.7922507560739607,1.1507790914763643,-0.4499436443692835,-0.38504001604182436,-1.257656291045065,-0.9196708066060183,-1.0178813654973768,0.5078993831847903,0.23094010767585052,0.44789273574770366,-0.7084498152194062,-1.0544719975025107,-0.23601020446248228,-0.09790798262556814,0.5833853926513113,0.55109995870476,-1.1194691509635473,-0.7142362329569328,16,15,15
-0.36304980043118495,1.0546560886092877,1.023046454461126,0.5353923338450645,-0.6369410884673211,0.34032221355584186,1.1438556741642336,1.3603706359757965,-0.1383618446980032,-0.32583139058977023,-1.040598624677352,0.2739447615623517,-0.6432494670875735,1.1507790914763643,-0.4499436443692835,-0.38504001604182436,-1.257656291045065,-0.9196708066060183,0.9824327607288114,0.5078993831847903,0.23094010767585052,0.44789273574770366,-0.7084498152194062,0.06219405883392808,-0.23601020446248228,-0.09790798262556814,0.5833853926513113,-0.2263446258965981,-0.3992894854413955,-0.33890588437424307,9,12,11
-0.36304980043118495,1.0546560886092877,0.23837975637929248,0.5353923338450645,-0.6369410884673211,0.34032221355584186,0.2292342342960711,0.4402569352729889,-0.1383618446980032,0.8336586930404926,1.4455089766183378,0.2739447615623517,-0.6432494670875735,-1.2353507832384072,-0.4499436443692835,-0.38504001604182436,-1.257656291045065,-0.9196708066060183,0.9824327607288114,-1.9688939051854837,0.23094010767585052,0.44789273574770366,-0.7084498152194062,0.06219405883392808,-0.23601020446248228,1.7008665818906816,1.7074694419062766,2.1059891279074763,1.0410698456029082,-0.33890588437424307,14,15,16
-0.36304980043118495,1.0546560886092877,0.23837975637929248,-1.8677891646640323,-0.6369410884673211,0.34032221355584186,-0.6853872055720913,-0.4798567654298188,0.677353508372314,-0.32583139058977023,-1.040598624677352,0.2739447615623517,3.663251202397029,-1.2353507832384072,-0.4499436443692835,-0.38504001604182436,0.795129803842541,-0.9196708066060183,-1.0178813654973768,0.5078993831847903,0.23094010767585052,0.44789273574770366,-0.7084498152194062,0.06219405883392808,0.7663987284695665,1.7008665818906816,3.955637540416207,2.1059891279074763,0.32089018008075637,0.28664469659690645,11,10,10
-0.36304980043118495,-0.9481763873554655,0.23837975637929248,0.5353923338450645,-0.6369410884673211,0.34032221355584186,1.1438556741642336,1.3603706359757965,1.4930688614426313,0.8336586930404926,-1.040598624677352,0.2739447615623517,-0.6432494670875735,1.1507790914763643,-0.4499436443692835,-0.38504001604182436,0.795129803842541,1.087345594550762,0.9824327607288114,0.5078993831847903,0.23094010767585052,0.44789273574770366,-0.7084498152194062,1.178860115170367,0.7663987284695665,0.8014792996325567,-0.5406986566036541,0.55109995870476,0.32089018008075637,0.16153458040267657,10,9,9
-0.36304980043118495,-0.9481763873554655,0.23837975637929248,0.5353923338450645,-0.6369410884673211,0.34032221355584186,1.1438556741642336,1.3603706359757965,1.4930688614426313,1.9931487766707554,-1.040598624677352,0.2739447615623517,0.7922507560739607,1.1507790914763643,-0.4499436443692835,-0.38504001604182436,0.795129803842541,1.087345594550762,-1.0178813654973768,-1.9688939051854837,0.23094010767585052,0.44789273574770366,1.4115325863841197,0.06219405883392808,-0.23601020446248228,-0.09790798262556814,-0.5406986566036541,-0.2263446258965981,0.32089018008075637,-0.21379576818001317,14,14,14
-0.36304980043118495,1.0546560886092877,1.023046454461126,0.5353923338450645,1.5700039110466426,0.34032221355584186,-0.6853872055720913,-0.4798567654298188,-0.1383618446980032,-0.32583139058977023,-1.040598624677352,0.2739447615623517,-0.6432494670875735,2.34384402883375,-0.4499436443692835,-0.38504001604182436,0.795129803842541,-0.9196708066060183,0.9824327607288114,0.5078993831847903,0.23094010767585052,0.44789273574770366,-0.7084498152194062,0.06219405883392808,1.7688076614016153,1.7008665818906816,0.5833853926513113,1.328544543306118,1.0410698456029082,-0.464016000568473,9,8,8
-0.36304980043118495,-0.9481763873554655,0.23837975637929248,-1.8677891646640323,-0.6369410884673211,0.34032221355584186,-0.6853872055720913,1.3603706359757965,-1.7697925508386376,-0.32583139058977023,-1.040598624677352,-1.5917135283881467,-0.6432494670875735,1.1507790914763643,-0.4499436443692835,-0.38504001604182436,0.795129803842541,-0.9196708066060183,-1.0178813654973768,0.5078993831847903,0.23094010767585052,0.44789273574770366,1.4115325863841197,0.06219405883392808,0.7663987284695665,-0.09790798262556814,-0.5406986566036541,-1.0037892104979562,1.0410698456029082,0.16153458040267657,12,14,14
-0.36304980043118495,-0.9481763873554655,1.023046454461126,0.5353923338450645,-0.6369410884673211,0.34032221355584186,0.2292342342960711,0.4402569352729889,0.677353508372314,0.8336586930404926,-0.2118960909121221,0.2739447615623517,-0.6432494670875735,-0.04228584588102149,-0.4499436443692835,-0.38504001604182436,-1.257656291045065,-0.9196708066060183,0.9824327607288114,0.5078993831847903,0.23094010767585052,0.44789273574770366,-0.7084498152194062,1.178860115170367,-0.23601020446248228,0.8014792996325567,-0.5406986566036541,-1.0037892104979562,0.32089018008075637,-0.7142362329569328,7,0,0
-0.36304980043118495,-0.9481763873554655,1.023046454461126,0.5353923338450645,1.5700039110466426,0.34032221355584186,-0.6853872055720913,-0.4798567654298188,-0.1383618446980032,-0.32583139058977023,-0.2118960909121221,2.13960305151285,-0.6432494670875735,-0.04228584588102149,-0.4499436443692835,-0.38504001604182436,-1.257656291045065,-0.9196708066060183,0.9824327607288114,-1.9688939051854837,0.23094010767585052,0.44789273574770366,1.4115325863841197,0.06219405883392808,-0.23601020446248228,-0.09790798262556814,-0.5406986566036541,-1.0037892104979562,-1.1194691509635473,-0.7142362329569328,8,8,0
-0.36304980043118495,-0.9481763873554655,1.023046454461126,-1.8677891646640323,-0.6369410884673211,0.34032221355584186,-0.6853872055720913,-0.4798567654298188,-1.7697925508386376,-0.32583139058977023,-1.040598624677352,0.2739447615623517,0.7922507560739607,2.34384402883375,-0.4499436443692835,-0.38504001604182436,-1.257656291045065,-0.9196708066060183,0.9824327607288114,0.5078993831847903,0.23094010767585052,-2.2326774251665835,-0.7084498152194062,0.06219405883392808,0.7663987284695665,0.8014792996325567,-0.5406986566036541,-1.0037892104979562,0.32089018008075637,-0.7142362329569328,10,9,0
-0.36304980043118495,-0.9481763873554655,0.23837975637929248,0.5353923338450645,-0.6369410884673211,0.34032221355584186,0.2292342342960711,1.3603706359757965,0.677353508372314,-0.32583139058977023,-1.040598624677352,0.2739447615623517,-0.6432494670875735,1.1507790914763643,-0.4499436443692835,-0.38504001604182436,-1.257656291045065,-0.9196708066060183,-1.0178813654973768,0.5078993831847903,0.23094010767585052,0.44789273574770366,-0.7084498152194062,0.06219405883392808,0.7663987284695665,1.7008665818906816,-0.5406986566036541,0.55109995870476,1.0410698456029082,1.2875256261507457,16,15,15
-0.36304980043118495,-0.9481763873554655,1.8077131525429595,-1.8677891646640323,-0.6369410884673211,-2.938391795091903,0.2292342342960711,-1.3999704661326267,0.677353508372314,-2.644811557850296,-0.2118960909121221,2.13960305151285,-0.6432494670875735,1.1507790914763643,0.8964786247660724,-0.38504001604182436,-1.257656291045065,1.087345594550762,-1.0178813654973768,0.5078993831847903,0.23094010767585052,-2.2326774251665835,-0.7084498152194062,1.178860115170367,0.7663987284695665,-0.09790798262556814,-0.5406986566036541,-0.2263446258965981,1.0410698456029082,0.7870851613738261,14,13,13
-0.36304980043118495,-0.9481763873554655,0.23837975637929248,0.5353923338450645,-0.6369410884673211,0.34032221355584186,0.2292342342960711,-0.4798567654298188,-0.1383618446980032,-0.32583139058977023,-0.2118960909121221,0.2739447615623517,-0.6432494670875735,-0.04228584588102149,-0.4499436443692835,-0.38504001604182436,0.795129803842541,1.087345594550762,-1.0178813654973768,0.5078993831847903,0.23094010767585052,0.44789273574770366,1.4115325863841197,0.06219405883392808,-0.23601020446248228,-0.997295264883693,0.5833853926513113,0.55109995870476,-1.1194691509635473,-0.7142362329569328,7,8,0
-0.36304980043118495,-0.9481763873554655,1.023046454461126,0.5353923338450645,1.5700039110466426,0.34032221355584186,0.2292342342960711,0.4402569352729889,0.677353508372314,0.8336586930404926,-0.2118960909121221,0.2739447615623517,-0.6432494670875735,2.34384402883375,-0.4499436443692835,-0.38504001604182436,0.795129803842541,-0.9196708066060183,-1.0178813654973768,0.5078993831847903,0.23094010767585052,0.44789273574770366,-0.7084498152194062,1.178860115170367,-0.23601020446248228,-0.09790798262556814,-0.5406986566036541,-1.0037892104979562,-1.8396488164856992,0.16153458040267657,16,15,17
-0.36304980043118495,-0.9481763873554655,0.23837975637929248,-1.8677891646640323,-0.6369410884673211,-2.938391795091903,0.2292342342960711,-0.4798567654298188,-0.1383618446980032,-0.32583139058977023,-0.2118960909121221,0.2739447615623517,-0.6432494670875735,-0.04228584588102149,-0.4499436443692835,-0.38504001604182436,0.795129803842541,1.087345594550762,-1.0178813654973768,0.5078993831847903,0.23094010767585052,0.44789273574770366,-0.7084498152194062,0.06219405883392808,-0.23601020446248228,-0.09790798262556814,0.5833853926513113,0.55109995870476,-1.1194691509635473,-0.21379576818001317,9,10,10
-0.36304980043118495,-0.9481763873554655,1.8077131525429595,0.5353923338450645,-0.6369410884673211,0.34032221355584186,-0.6853872055720913,-1.3999704661326267,0.677353508372314,0.8336586930404926,-0.2118960909121221,2.13960305151285,-0.6432494670875735,1.1507790914763643,0.8964786247660724,-0.38504001604182436,-1.257656291045065,1.087345594550762,0.9824327607288114,0.5078993831847903,0.23094010767585052,0.44789273574770366,1.4115325863841197,0.06219405883392808,-0.23601020446248228,0.8014792996325567,-0.5406986566036541,0.55109995870476,-0.3992894854413955,-0.21379576818001317,11,12,11
-0.36304980043118495,1.0546560886092877,1.023046454461126,0.5353923338450645,-0.6369410884673211,0.34032221355584186,1.1438556741642336,1.3603706359757965,1.4930688614426313,0.8336586930404926,-0.2118960909121221,-1.5917135283881467,-0.6432494670875735,-0.04228584588102149,0.8964786247660724,-0.38504001604182436,0.795129803842541,-0.9196708066060183,0.9824327607288114,0.5078993831847903,0.23094010767585052,0.44789273574770366,-0.7084498152194062,0.06219405883392808,-0.23601020446248228,-0.09790798262556814,0.5833853926513113,-0.2263446258965981,-1.1194691509635473,-0.7142362329569328,10,10,0
-0.36304980043118495,1.0546560886092877,1.023046454461126,0.5353923338450645,1.5700039110466426,0.34032221355584186,0.2292342342960711,1.3603706359757965,0.677353508372314,-0.32583139058977023,-0.2118960909121221,0.2739447615623517,-0.6432494670875735,-0.04228584588102149,-0.4499436443692835,-0.38504001604182436,-1.257656291045065,-0.9196708066060183,0.9824327607288114,0.5078993831847903,0.23094010767585052,0.44789273574770366,1.4115325863841197,0.06219405883392808,-0.23601020446248228,-0.09790798262556814,-0.5406986566036541,0.55109995870476,1.0410698456029082,0.6619750451795962,16,15,15
-0.36304980043118495,-0.9481763873554655,0.23837975637929248,0.5353923338450645,-0.6369410884673211,-2.938391795091903,-0.6853872055720913,-0.4798567654298188,-1.7697925508386376,-2.644811557850296,-0.2118960909121221,-1.5917135283881467,-0.6432494670875735,-0.04228584588102149,0.8964786247660724,-0.38504001604182436,0.795129803842541,-0.9196708066060183,-1.0178813654973768,0.5078993831847903,0.23094010767585052,0.44789273574770366,1.4115325863841197,-1.0544719975025107,-0.23601020446248228,-1.896682547141818,-0.5406986566036541,-0.2263446258965981,0.32089018008075637,-0.7142362329569328,9,8,0
-0.36304980043118495,-0.9481763873554655,1.023046454461126,0.5353923338450645,-0.6369410884673211,0.34032221355584186,-0.6853872055720913,0.4402569352729889,-1.7697925508386376,-0.32583139058977023,-1.040598624677352,0.2739447615623517,-0.6432494670875735,1.1507790914763643,-0.4499436443692835,-0.38504001604182436,0.795129803842541,-0.9196708066060183,-1.0178813654973768,0.5078993831847903,0.23094010767585052,0.44789273574770366,-0.7084498152194062,0.06219405883392808,-0.23601020446248228,-0.09790798262556814,-0.5406986566036541,-0.2263446258965981,-0.3992894854413955,-0.21379576818001317,11,10,10
-0.36304980043118495,-0.9481763873554655,1.023046454461126,0.5353923338450645,-0.6369410884673211,0.34032221355584186,0.2292342342960711,-0.4798567654298188,-0.1383618446980032,0.8336586930404926,0.6168064428531078,0.2739447615623517,-0.6432494670875735,1.1507790914763643,-0.4499436443692835,-0.38504001604182436,-1.257656291045065,-0.9196708066060183,-1.0178813654973768,0.5078993831847903,0.23094010767585052,0.44789273574770366,1.4115325863841197,1.178860115170367,0.7663987284695665,-0.09790798262556814,0.5833853926513113,0.55109995870476,-1.8396488164856992,0.16153458040267657,13,13,14
-0.36304980043118495,1.0546560886092877,1.023046454461126,-1.8677891646640323,-0.6369410884673211,0.34032221355584186,1.1438556741642336,0.4402569352729889,1.4930688614426313,0.8336586930404926,-1.040598624677352,0.2739447615623517,-0.6432494670875735,1.1507790914763643,-0.4499436443692835,-0.38504001604182436,-1.257656291045065,-0.9196708066060183,-1.0178813654973768,0.5078993831847903,0.23094010767585052,0.44789273574770366,1.4115325863841197,1.178860115170367,-0.23601020446248228,-0.997295264883693,-0.5406986566036541,-0.2263446258965981,0.32089018008075637,0.41175481279113635,16,15,16
-0.36304980043118495,1.0546560886092877,1.023046454461126,0.5353923338450645,-0.6369410884673211,0.34032221355584186,1.1438556741642336,0.4402569352729889,1.4930688614426313,-0.32583139058977023,-1.040598624677352,0.2739447615623517,-0.6432494670875735,1.1507790914763643,-0.4499436443692835,-0.38504001604182436,0.795129803842541,1.087345594550762,-1.0178813654973768,0.5078993831847903,0.23094010767585052,0.44789273574770366,1.4115325863841197,1.178860115170367,0.7663987284695665,1.7008665818906816,0.5833853926513113,0.55109995870476,1.0410698456029082,-0.7142362329569328,10,10,9
-0.36304980043118495,-0.9481763873554655,0.23837975637929248,0.5353923338450645,-0.6369410884673211,0.34032221355584186,1.1438556741642336,0.4402569352729889,-0.9540771977683203,-0.32583139058977023,1.4455089766183378,0.2739447615623517,-0.6432494670875735,1.1507790914763643,-0.4499436443692835,-0.38504001604182436,0.795129803842541,1.087345594550762,0.9824327607288114,0.5078993831847903,0.23094010767585052,0.44789273574770366,1.4115325863841197,0.06219405883392808,0.7663987284695665,-0.09790798262556814,-0.5406986566036541,0.55109995870476,0.32089018008075637,-0.7142362329569328,13,15,15
2.7544430510974687,1.0546560886092877,1.023046454461126,-1.8677891646640323,-0.6369410884673211,0.34032221355584186,0.2292342342960711,-0.4798567654298188,-0.1383618446980032,-0.32583139058977023,-1.040598624677352,0.2739447615623517,0.7922507560739607,-1.2353507832384072,0.8964786247660724,-0.38504001604182436,0.795129803842541,-0.9196708066060183,-1.0178813654973768,-1.9688939051854837,0.23094010767585052,0.44789273574770366,-0.7084498152194062,-2.1711380538389498,1.7688076614016153,1.7008665818906816,3.955637540416207,2.1059891279074763,1.0410698456029082,0.5368649289853663,11,13,13
2.7544430510974687,1.0546560886092877,1.8077131525429595,-1.8677891646640323,-0.6369410884673211,0.34032221355584186,-1.6000086454402538,-1.3999704661326267,-0.1383618446980032,0.8336586930404926,-0.2118960909121221,2.13960305151285,2.227750979235495,-0.04228584588102149,3.5893231630367843,-0.38504001604182436,-1.257656291045065,-0.9196708066060183,-1.0178813654973768,0.5078993831847903,0.23094010767585052,0.44789273574770366,-0.7084498152194062,1.178860115170367,0.7663987284695665,0.8014792996325567,1.7074694419062766,0.55109995870476,-1.1194691509635473,0.28664469659690645,8,7,8
2.7544430510974687,1.0546560886092877,0.23837975637929248,0.5353923338450645,-0.6369410884673211,0.34032221355584186,0.2292342342960711,0.4402569352729889,-0.9540771977683203,-0.32583139058977023,-1.040598624677352,0.2739447615623517,0.7922507560739607,-0.04228584588102149,-0.4499436443692835,-0.38504001604182436,0.795129803842541,1.087345594550762,-1.0178813654973768,0.5078993831847903,0.23094010767585052,0.44789273574770366,-0.7084498152194062,0.06219405883392808,1.7688076614016153,0.8014792996325567,0.5833853926513113,0.55109995870476,-0.3992894854413955,-0.464016000568473,13,13,13
2.7544430510974687,1.0546560886092877,1.023046454461126,0.5353923338450645,1.5700039110466426,0.34032221355584186,-1.6000086454402538,0.4402569352729889,-1.7697925508386376,0.8336586930404926,-1.040598624677352,0.2739447615623517,-0.6432494670875735,-1.2353507832384072,0.8964786247660724,-0.38504001604182436,-1.257656291045065,-0.9196708066060183,-1.0178813654973768,0.5078993831847903,-4.330127018922193,0.44789273574770366,1.4115325863841197,0.06219405883392808,-0.23601020446248228,-0.09790798262556814,0.5833853926513113,0.55109995870476,-0.3992894854413955,0.16153458040267657,8,7,8
2.7544430510974687,1.0546560886092877,1.8077131525429595,-1.8677891646640323,-0.6369410884673211,0.34032221355584186,-1.6000086454402538,-1.3999704661326267,-0.1383618446980032,-0.32583139058977023,-0.2118960909121221,2.13960305151285,2.227750979235495,-1.2353507832384072,0.8964786247660724,-0.38504001604182436,0.795129803842541,-0.9196708066060183,-1.0178813654973768,0.5078993831847903,0.23094010767585052,0.44789273574770366,-0.7084498152194062,0.06219405883392808,0.7663987284695665,0.8014792996325567,1.7074694419062766,0.55109995870476,1.0410698456029082,-0.21379576818001317,8,8,8
2.7544430510974687,1.0546560886092877,0.23837975637929248,-1.8677891646640323,-0.6369410884673211,0.34032221355584186,1.1438556741642336,0.4402569352729889,0.677353508372314,-0.32583139058977023,-0.2118960909121221,0.2739447615623517,0.7922507560739607,-0.04228584588102149,-0.4499436443692835,-0.38504001604182436,0.795129803842541,1.087345594550762,0.9824327607288114,-1.9688939051854837,0.23094010767585052,0.44789273574770366,1.4115325863841197,0.06219405883392808,1.7688076614016153,1.7008665818906816,-0.5406986566036541,0.55109995870476,-1.1194691509635473,-0.21379576818001317,13,11,11
2.7544430510974687,-0.9481763873554655,1.023046454461126,0.5353923338450645,-0.6369410884673211,0.34032221355584186,0.2292342342960711,0.4402569352729889,0.677353508372314,0.8336586930404926,-1.040598624677352,-1.5917135283881467,-0.6432494670875735,-0.04228584588102149,-0.4499436443692835,-0.38504001604182436,0.795129803842541,-0.9196708066060183,-1.0178813654973768,0.5078993831847903,0.23094010767585052,-2.2326774251665835,1.4115325863841197,1.178860115170367,-0.23601020446248228,0.8014792996325567,-0.5406986566036541,-1.0037892104979562,1.0410698456029082,-0.7142362329569328,10,9,9
2.7544430510974687,-0.9481763873554655,0.23837975637929248,-1.8677891646640323,-0.6369410884673211,0.34032221355584186,1.1438556741642336,1.3603706359757965,1.4930688614426313,0.8336586930404926,0.6168064428531078,-1.5917135283881467,0.7922507560739607,-0.04228584588102149,-0.4499436443692835,-0.38504001604182436,0.795129803842541,1.087345594550762,0.9824327607288114,0.5078993831847903,0.23094010767585052,0.44789273574770366,-0.7084498152194062,0.06219405883392808,-0.23601020446248228,-0.09790798262556814,-0.5406986566036541,-0.2263446258965981,1.0410698456029082,-0.21379576818001317,12,13,13
2.7544430510974687,-0.9481763873554655,0.23837975637929248,0.5353923338450645,1.5700039110466426,-2.938391795091903,0.2292342342960711,-0.4798567654298188,0.677353508372314,-0.32583139058977023,1.4455089766183378,0.2739447615623517,0.7922507560739607,-0.04228584588102149,-0.4499436443692835,-0.38504001604182436,-1.257656291045065,-0.9196708066060183,-1.0178813654973768,0.5078993831847903,0.23094010767585052,-2.2326774251665835,1.4115325863841197,-3.2878041101753888,-1.238419137394531,-0.09790798262556814,-0.5406986566036541,-0.2263446258965981,1.0410698456029082,-0.464016000568473,12,12,11
2.7544430510974687,1.0546560886092877,1.023046454461126,0.5353923338450645,1.5700039110466426,0.34032221355584186,-1.6000086454402538,-1.3999704661326267,-0.1383618446980032,0.8336586930404926,-0.2118960909121221,-1.5917135283881467,0.7922507560739607,-1.2353507832384072,-0.4499436443692835,-0.38504001604182436,-1.257656291045065,-0.9196708066060183,-1.0178813654973768,-1.9688939051854837,0.23094010767585052,0.44789273574770366,1.4115325863841197,-1.0544719975025107,-0.23601020446248228,-0.997295264883693,-0.5406986566036541,-0.2263446258965981,-0.3992894854413955,-0.21379576818001317,10,10,10
2.7544430510974687,-0.9481763873554655,1.023046454461126,0.5353923338450645,1.5700039110466426,0.34032221355584186,-1.6000086454402538,-1.3999704661326267,-1.7697925508386376,0.8336586930404926,-1.040598624677352,-1.5917135283881467,0.7922507560739607,1.1507790914763643,-0.4499436443692835,-0.38504001604182436,-1.257656291045065,-0.9196708066060183,-1.0178813654973768,0.5078993831847903,0.23094010767585052,0.44789273574770366,-0.7084498152194062,1.178860115170367,-0.23601020446248228,-0.997295264883693,-0.5406986566036541,-1.0037892104979562,0.32089018008075637,-0.7142362329569328,18,16,16
2.7544430510974687,-0.9481763873554655,1.023046454461126,-1.8677891646640323,1.5700039110466426,-2.938391795091903,-1.6000086454402538,1.3603706359757965,-1.7697925508386376,-0.32583139058977023,-1.040598624677352,0.2739447615623517,2.227750979235495,-0.04228584588102149,-0.4499436443692835,-0.38504001604182436,-1.257656291045065,-0.9196708066060183,-1.0178813654973768,0.5078993831847903,0.23094010767585052,-2.2326774251665835,1.4115325863841197,0.06219405883392808,-0.23601020446248228,0.8014792996325567,-0.5406986566036541,1.328544543306118,1.0410698456029082,-0.7142362329569328,13,13,13
2.7544430510974687,1.0546560886092877,1.023046454461126,-1.8677891646640323,1.5700039110466426,0.34032221355584186,-1.6000086454402538,-1.3999704661326267,-1.7697925508386376,-0.32583139058977023,0.6168064428531078,0.2739447615623517,0.7922507560739607,-0.04228584588102149,0.8964786247660724,-0.38504001604182436,-1.257656291045065,-0.9196708066060183,0.9824327607288114,-1.9688939051854837,-4.330127018922193,-2.2326774251665835,-0.7084498152194062,0.06219405883392808,0.7663987284695665,-0.09790798262556814,0.5833853926513113,0.55109995870476,1.0410698456029082,-0.464016000568473,13,12,12
2.7544430510974687,-0.9481763873554655,1.023046454461126,0.5353923338450645,-0.6369410884673211,0.34032221355584186,0.2292342342960711,0.4402569352729889,0.677353508372314,0.8336586930404926,0.6168064428531078,0.2739447615623517,0.7922507560739607,-0.04228584588102149,-0.4499436443692835,-0.38504001604182436,0.795129803842541,-0.9196708066060183,-1.0178813654973768,0.5078993831847903,0.23094010767585052,0.44789273574770366,1.4115325863841197,0.06219405883392808,-0.23601020446248228,-0.997295264883693,-0.5406986566036541,0.55109995870476,-0.3992894854413955,-0.7142362329569328,11,11,10
2.7544430510974687,-0.9481763873554655,0.23837975637929248,0.5353923338450645,1.5700039110466426,0.34032221355584186,1.1438556741642336,1.3603706359757965,-1.7697925508386376,-2.644811557850296,-1.040598624677352,0.2739447615623517,-0.6432494670875735,-0.04228584588102149,-0.4499436443692835,-0.38504001604182436,0.795129803842541,1.087345594550762,0.9824327607288114,0.5078993831847903,0.23094010767585052,0.44789273574770366,1.4115325863841197,-2.1711380538389498,-0.23601020446248228,0.8014792996325567,-0.5406986566036541,-1.0037892104979562,-1.8396488164856992,-0.7142362329569328,16,15,15
2.7544430510974687,-0.9481763873554655,0.23837975637929248,-1.8677891646640323,-0.6369410884673211,0.34032221355584186,-1.6000086454402538,-0.4798567654298188,-0.1383618446980032,0.8336586930404926,-1.040598624677352,-1.5917135283881467,0.7922507560739607,-0.04228584588102149,-0.4499436443692835,-0.38504001604182436,-1.257656291045065,-0.9196708066060183,-1.0178813654973768,-1.9688939051854837,0.23094010767585052,-2.2326774251665835,-0.7084498152194062,-1.0544719975025107,-1.238419137394531,-0.997295264883693,-0.5406986566036541,-0.2263446258965981,-0.3992894854413955,-0.7142362329569328,12,11,12
2.7544430510974687,1.0546560886092877,1.023046454461126,-1.8677891646640323,-0.6369410884673211,0.34032221355584186,-1.6000086454402538,0.4402569352729889,-1.7697925508386376,-0.32583139058977023,-1.040598624677352,0.2739447615623517,0.7922507560739607,-0.04228584588102149,-0.4499436443692835,-0.38504001604182436,0.795129803842541,1.087345594550762,-1.0178813654973768,0.5078993831847903,0.23094010767585052,-2.2326774251665835,-0.7084498152194062,-1.0544719975025107,-0.23601020446248228,0.8014792996325567,0.5833853926513113,1.328544543306118,-0.3992894854413955,-0.21379576818001317,10,10,10
2.7544430510974687,1.0546560886092877,1.023046454461126,0.5353923338450645,1.5700039110466426,0.34032221355584186,1.1438556741642336,1.3603706359757965,1.4930688614426313,0.8336586930404926,0.6168064428531078,0.2739447615623517,0.7922507560739607,1.1507790914763643,-0.4499436443692835,-0.38504001604182436,-1.257656291045065,1.087345594550762,-1.0178813654973768,0.5078993831847903,0.23094010767585052,0.44789273574770366,1.4115325863841197,0.06219405883392808,-1.238419137394531,-0.997295264883693,0.5833853926513113,-0.2263446258965981,1.0410698456029082,-0.7142362329569328,13,13,13
2.7544430510974687,-0.9481763873554655,0.23837975637929248,-1.8677891646640323,-0.6369410884673211,0.34032221355584186,-1.6000086454402538,-1.3999704661326267,-0.1383618446980032,0.8336586930404926,1.4455089766183378,0.2739447615623517,2.227750979235495,-1.2353507832384072,0.8964786247660724,-0.38504001604182436,0.795129803842541,1.087345594550762,-1.0178813654973768,0.5078993831847903,0.23094010767585052,0.44789273574770366,1.4115325863841197,1.178860115170367,-1.238419137394531,-1.896682547141818,-0.5406986566036541,-0.2263446258965981,-1.8396488164856992,-0.7142362329569328,7,6,0
2.7544430510974687,-0.9481763873554655,1.023046454461126,0.5353923338450645,-0.6369410884673211,0.34032221355584186,-0.6853872055720913,0.4402569352729889,-1.7697925508386376,0.8336586930404926,-1.040598624677352,-1.5917135283881467,0.7922507560739607,-1.2353507832384072,-0.4499436443692835,-0.38504001604182436,0.795129803842541,1.087345594550762,-1.0178813654973768,0.5078993831847903,0.23094010767585052,0.44789273574770366,1.4115325863841197,1.178860115170367,-1.238419137394531,-0.09790798262556814,-0.5406986566036541,-0.2263446258965981,0.32089018008075637,-0.7142362329569328,11,10,10
2.7544430510974687,-0.9481763873554655,1.023046454461126,-1.8677891646640323,-0.6369410884673211,0.34032221355584186,1.1438556741642336,1.3603706359757965,-0.1383618446980032,1.9931487766707554,0.6168064428531078,-1.5917135283881467,2.227750979235495,-0.04228584588102149,-0.4499436443692835,-0.38504001604182436,0.795129803842541,1.087345594550762,-1.0178813654973768,-1.9688939051854837,0.23094010767585052,0.44789273574770366,1.4115325863841197,-1.0544719975025107,-1.238419137394531,-0.997295264883693,2.831553491161242,-0.2263446258965981,1.0410698456029082,0.5368649289853663,14,12,11
2.7544430510974687,-0.9481763873554655,1.8077131525429595,0.5353923338450645,1.5700039110466426,0.34032221355584186,0.2292342342960711,-0.4798567654298188,0.677353508372314,0.8336586930404926,-0.2118960909121221,2.13960305151285,0.7922507560739607,-0.04228584588102149,2.2429008939014285,-0.38504001604182436,-1.257656291045065,-0.9196708066060183,0.9824327607288114,0.5078993831847903,0.23094010767585052,-2.2326774251665835,1.4115325863841197,-1.0544719975025107,-1.238419137394531,-0.997295264883693,-0.5406986566036541,-1.0037892104979562,-0.3992894854413955,-0.21379576818001317,7,7,9
2.7544430510974687,1.0546560886092877,1.023046454461126,-1.8677891646640323,1.5700039110466426,0.34032221355584186,-1.6000086454402538,-0.4798567654298188,-1.7697925508386376,0.8336586930404926,0.6168064428531078,-1.5917135283881467,2.227750979235495,-1.2353507832384072,-0.4499436443692835,-0.38504001604182436,0.795129803842541,1.087345594550762,0.9824327607288114,0.5078993831847903,-4.330127018922193,0.44789273574770366,1.4115325863841197,0.06219405883392808,-0.23601020446248228,-0.09790798262556814,0.5833853926513113,0.55109995870476,-0.3992894854413955,-0.33890588437424307,14,12,12
2.7544430510974687,-0.9481763873554655,0.23837975637929248,0.5353923338450645,-0.6369410884673211,0.34032221355584186,-0.6853872055720913,-0.4798567654298188,-0.1383618446980032,-2.644811557850296,-0.2118960909121221,0.2739447615623517,-0.6432494670875735,1.1507790914763643,-0.4499436443692835,-0.38504001604182436,-1.257656291045065,-0.9196708066060183,0.9824327607288114,0.5078993831847903,0.23094010767585052,-2.2326774251665835,1.4115325863841197,-1.0544719975025107,0.7663987284695665,-0.09790798262556814,-0.5406986566036541,-1.0037892104979562,-0.3992894854413955,0.28664469659690645,13,11,11
2.7544430510974687,-0.9481763873554655,0.23837975637929248,-1.8677891646640323,-0.6369410884673211,0.34032221355584186,-1.6000086454402538,-0.4798567654298188,-0.1383618446980032,-0.32583139058977023,-1.040598624677352,0.2739447615623517,-0.6432494670875735,-1.2353507832384072,-0.4499436443692835,-0.38504001604182436,-1.257656291045065,-0.9196708066060183,0.9824327607288114,0.5078993831847903,0.23094010767585052,0.44789273574770366,-0.7084498152194062,-1.0544719975025107,1.7688076614016153,1.7008665818906816,-0.5406986566036541,0.55109995870476,-1.8396488164856992,1.0373053937622858,6,5,5
2.7544430510974687,-0.9481763873554655,1.023046454461126,-1.8677891646640323,1.5700039110466426,0.34032221355584186,1.1438556741642336,1.3603706359757965,-0.1383618446980032,-0.32583139058977023,1.4455089766183378,0.2739447615623517,0.7922507560739607,1.1507790914763643,-0.4499436443692835,-0.38504001604182436,-1.257656291045065,-0.9196708066060183,-1.0178813654973768,0.5078993831847903,0.23094010767585052,0.44789273574770366,-0.7084498152194062,1.178860115170367,0.7663987284695665,0.8014792996325567,-0.5406986566036541,-1.0037892104979562,-1.8396488164856992,-0.7142362329569328,19,18,19
2.7544430510974687,-0.9481763873554655,1.023046454461126,-1.8677891646640323,-0.6369410884673211,0.34032221355584186,-1.6000086454402538,-1.3999704661326267,-0.1383618446980032,-0.32583139058977023,-0.2118960909121221,0.2739447615623517,3.663251202397029,1.1507790914763643,-0.4499436443692835,-0.38504001604182436,-1.257656291045065,-0.9196708066060183,-1.0178813654973768,0.5078993831847903,0.23094010767585052,0.44789273574770366,-0.7084498152194062,0.06219405883392808,-0.23601020446248228,-0.997295264883693,-0.5406986566036541,-0.2263446258965981,0.32089018008075637,-0.464016000568473,8,8,10
2.7544430510974687,-0.9481763873554655,2.592379850624793,0.5353923338450645,-0.6369410884673211,0.34032221355584186,1.1438556741642336,-0.4798567654298188,-0.9540771977683203,-0.32583139058977023,-1.040598624677352,2.13960305151285,0.7922507560739607,1.1507790914763643,2.2429008939014285,-0.38504001604182436,0.795129803842541,1.087345594550762,-1.0178813654973768,-1.9688939051854837,0.23094010767585052,0.44789273574770366,1.4115325863841197,1.178860115170367,0.7663987284695665,-0.09790798262556814,-0.5406986566036541,-1.0037892104979562,-0.3992894854413955,-0.21379576818001317,15,14,15
2.7544430510974687,-0.9481763873554655,1.023046454461126,-1.8677891646640323,1.5700039110466426,0.34032221355584186,1.1438556741642336,1.3603706359757965,1.4930688614426313,0.8336586930404926,-1.040598624677352,0.2739447615623517,-0.6432494670875735,-0.04228584588102149,-0.4499436443692835,-0.38504001604182436,-1.257656291045065,1.087345594550762,0.9824327607288114,0.5078993831847903,0.23094010767585052,0.44789273574770366,-0.7084498152194062,1.178860115170367,0.7663987284695665,-0.09790798262556814,1.7074694419062766,1.328544543306118,-1.1194691509635473,-0.21379576818001317,8,9,10
2.7544430510974687,-0.9481763873554655,1.023046454461126,0.5353923338450645,-0.6369410884673211,0.34032221355584186,0.2292342342960711,0.4402569352729889,-0.1383618446980032,-0.32583139058977023,-0.2118960909121221,0.2739447615623517,-0.6432494670875735,-0.04228584588102149,-0.4499436443692835,-0.38504001604182436,-1.257656291045065,1.087345594550762,-1.0178813654973768,0.5078993831847903,0.23094010767585052,0.44789273574770366,1.4115325863841197,0.06219405883392808,-2.2408280703265797,-0.09790798262556814,-0.5406986566036541,-0.2263446258965981,-1.8396488164856992,-0.7142362329569328,15,15,15
2.7544430510974687,-0.9481763873554655,0.23837975637929248,-1.8677891646640323,-0.6369410884673211,0.34032221355584186,0.2292342342960711,-1.3999704661326267,-1.7697925508386376,-0.32583139058977023,1.4455089766183378,0.2739447615623517,-0.6432494670875735,-0.04228584588102149,-0.4499436443692835,-0.38504001604182436,0.795129803842541,1.087345594550762,0.9824327607288114,-1.9688939051854837,0.23094010767585052,0.44789273574770366,-0.7084498152194062,0.06219405883392808,1.7688076614016153,0.8014792996325567,0.5833853926513113,0.55109995870476,-1.8396488164856992,1.4126357423449756,10,10,10
2.7544430510974687,1.0546560886092877,1.023046454461126,0.5353923338450645,-0.6369410884673211,0.34032221355584186,1.1438556741642336,1.3603706359757965,1.4930688614426313,1.9931487766707554,-0.2118960909121221,-1.5917135283881467,-0.6432494670875735,-0.04228584588102149,-0.4499436443692835,-0.38504001604182436,-1.257656291045065,1.087345594550762,0.9824327607288114,-1.9688939051854837,0.23094010767585052,0.44789273574770366,-0.7084498152194062,-1.0544719975025107,-1.238419137394531,0.8014792996325567,-0.5406986566036541,1.328544543306118,-1.1194691509635473,-0.21379576818001317,15,14,14
2.7544430510974687,1.0546560886092877,1.023046454461126,-1.8677891646640323,-0.6369410884673211,0.34032221355584186,-0.6853872055720913,-1.3999704661326267,-0.1383618446980032,-0.32583139058977023,0.6168064428531078,0.2739447615623517,0.7922507560739607,-1.2353507832384072,-0.4499436443692835,-0.38504001604182436,-1.257656291045065,-0.9196708066060183,0.9824327607288114,-1.9688939051854837,0.23094010767585052,0.44789273574770366,1.4115325863841197,0.06219405883392808,0.7663987284695665,-0.09790798262556814,-0.5406986566036541,0.55109995870476,1.0410698456029082,-0.08868565198578325,7,6,7
2.7544430510974687,1.0546560886092877,0.23837975637929248,0.5353923338450645,-0.6369410884673211,0.34032221355584186,-0.6853872055720913,0.4402569352729889,-0.1383618446980032,0.8336586930404926,-0.2118960909121221,-1.5917135283881467,0.7922507560739607,-0.04228584588102149,-0.4499436443692835,-0.38504001604182436,-1.257656291045065,-0.9196708066060183,0.9824327607288114,0.5078993831847903,0.23094010767585052,0.44789273574770366,-0.7084498152194062,0.06219405883392808,0.7663987284695665,-0.09790798262556814,-0.5406986566036541,-1.0037892104979562,-0.3992894854413955,-0.464016000568473,11,11,10
2.7544430510974687,1.0546560886092877,1.8077131525429595,-1.8677891646640323,-0.6369410884673211,0.34032221355584186,-1.6000086454402538,-1.3999704661326267,-0.1383618446980032,0.8336586930404926,0.6168064428531078,0.2739447615623517,0.7922507560739607,-1.2353507832384072,0.8964786247660724,-0.38504001604182436,-1.257656291045065,-0.9196708066060183,-1.0178813654973768,0.5078993831847903,0.23094010767585052,-2.2326774251665835,-0.7084498152194062,0.06219405883392808,-0.23601020446248228,-0.997295264883693,-0.5406986566036541,0.55109995870476,1.0410698456029082,-0.7142362329569328,6,5,0
2.7544430510974687,1.0546560886092877,1.023046454461126,-1.8677891646640323,-0.6369410884673211,0.34032221355584186,1.1438556741642336,-0.4798567654298188,-0.1383618446980032,-0.32583139058977023,-0.2118960909121221,-1.5917135283881467,0.7922507560739607,-1.2353507832384072,0.8964786247660724,-0.38504001604182436,-1.257656291045065,1.087345594550762,-1.0178813654973768,0.5078993831847903,0.23094010767585052,-2.2326774251665835,-0.7084498152194062,1.178860115170367,0.7663987284695665,-0.09790798262556814,2.831553491161242,0.55109995870476,-0.3992894854413955,1.0373053937622858,6,5,5
2.7544430510974687,-0.9481763873554655,1.023046454461126,-1.8677891646640323,-0.6369410884673211,0.34032221355584186,-0.6853872055720913,-0.4798567654298188,-1.7697925508386376,-0.32583139058977023,0.6168064428531078,0.2739447615623517,0.7922507560739607,1.1507790914763643,-0.4499436443692835,-0.38504001604182436,-1.257656291045065,1.087345594550762,-1.0178813654973768,0.5078993831847903,0.23094010767585052,-2.2326774251665835,-0.7084498152194062,1.178860115170367,-0.23601020446248228,-0.09790798262556814,-0.5406986566036541,0.55109995870476,0.32089018008075637,-0.464016000568473,10,9,10
2.7544430510974687,-0.9481763873554655,1.023046454461126,-1.8677891646640323,-0.6369410884673211,0.34032221355584186,1.1438556741642336,1.3603706359757965,1.4930688614426313,-2.644811557850296,1.4455089766183378,0.2739447615623517,2.227750979235495,-1.2353507832384072,-0.4499436443692835,-0.38504001604182436,0.795129803842541,1.087345594550762,0.9824327607288114,0.5078993831847903,0.23094010767585052,0.44789273574770366,1.4115325863841197,0.06219405883392808,0.7663987284695665,-0.09790798262556814,0.5833853926513113,-0.2263446258965981,1.0410698456029082,0.16153458040267657,6,5,6
2.7544430510974687,-0.9481763873554655,1.8077131525429595,-1.8677891646640323,-0.6369410884673211,0.34032221355584186,-0.6853872055720913,0.4402569352729889,0.677353508372314,-0.32583139058977023,-1.040598624677352,0.2739447615623517,-0.6432494670875735,1.1507790914763643,0.8964786247660724,-0.38504001604182436,-1.257656291045065,-0.9196708066060183,0.9824327607288114,-1.9688939051854837,0.23094010767585052,0.44789273574770366,-0.7084498152194062,1.178860115170367,0.7663987284695665,-0.997295264883693,-0.5406986566036541,-0.2263446258965981,1.0410698456029082,-0.7142362329569328,7,5,0
2.7544430510974687,-0.9481763873554655,1.023046454461126,0.5353923338450645,1.5700039110466426,0.34032221355584186,0.2292342342960711,-1.3999704661326267,1.4930688614426313,0.8336586930404926,-1.040598624677352,0.2739447615623517,-0.6432494670875735,-0.04228584588102149,-0.4499436443692835,-0.38504001604182436,0.795129803842541,1.087345594550762,-1.0178813654973768,0.5078993831847903,0.23094010767585052,0.44789273574770366,-0.7084498152194062,0.06219405883392808,-0.23601020446248228,0.8014792996325567,-0.5406986566036541,-1.0037892104979562,-1.8396488164856992,-0.7142362329569328,7,9,8
2.7544430510974687,-0.9481763873554655,1.023046454461126,0.5353923338450645,-0.6369410884673211,0.34032221355584186,-1.6000086454402538,-1.3999704661326267,-0.1383618446980032,-0.32583139058977023,-1.040598624677352,0.2739447615623517,0.7922507560739607,-0.04228584588102149,0.8964786247660724,-0.38504001604182436,-1.257656291045065,-0.9196708066060183,0.9824327607288114,0.5078993831847903,0.23094010767585052,-2.2326774251665835,-0.7084498152194062,-3.2878041101753888,-2.2408280703265797,-1.896682547141818,-0.5406986566036541,-1.0037892104979562,1.0410698456029082,-0.7142362329569328,6,5,0
2.7544430510974687,1.0546560886092877,2.592379850624793,0.5353923338450645,1.5700039110466426,-2.938391795091903,-0.6853872055720913,-0.4798567654298188,0.677353508372314,0.8336586930404926,-1.040598624677352,2.13960305151285,-0.6432494670875735,-0.04228584588102149,2.2429008939014285,-0.38504001604182436,0.795129803842541,1.087345594550762,-1.0178813654973768,0.5078993831847903,0.23094010767585052,-2.2326774251665835,-0.7084498152194062,1.178860115170367,1.7688076614016153,0.8014792996325567,2.831553491161242,2.1059891279074763,0.32089018008075637,0.6619750451795962,9,9,9
2.7544430510974687,1.0546560886092877,0.23837975637929248,0.5353923338450645,1.5700039110466426,0.34032221355584186,0.2292342342960711,-1.3999704661326267,0.677353508372314,0.8336586930404926,-1.040598624677352,0.2739447615623517,0.7922507560739607,-1.2353507832384072,-0.4499436443692835,-0.38504001604182436,-1.257656291045065,-0.9196708066060183,-1.0178813654973768,-1.9688939051854837,0.23094010767585052,0.44789273574770366,-0.7084498152194062,-2.1711380538389498,0.7663987284695665,1.7008665818906816,1.7074694419062766,1.328544543306118,-1.1194691509635473,-0.33890588437424307,14,16,16
2.7544430510974687,1.0546560886092877,3.377046548706627,-1.8677891646640323,-0.6369410884673211,0.34032221355584186,-1.6000086454402538,-1.3999704661326267,-0.1383618446980032,-0.32583139058977023,-1.040598624677352,2.13960305151285,-0.6432494670875735,-1.2353507832384072,3.5893231630367843,-0.38504001604182436,-1.257656291045065,-0.9196708066060183,-1.0178813654973768,-1.9688939051854837,0.23094010767585052,-2.2326774251665835,-0.7084498152194062,1.178860115170367,1.7688076614016153,-0.09790798262556814,1.7074694419062766,0.55109995870476,-0.3992894854413955,-0.33890588437424307,10,8,7
2.7544430510974687,1.0546560886092877,1.023046454461126,-1.8677891646640323,1.5700039110466426,0.34032221355584186,0.2292342342960711,-0.4798567654298188,0.677353508372314,-0.32583139058977023,-1.040598624677352,0.2739447615623517,2.227750979235495,-1.2353507832384072,-0.4499436443692835,-0.38504001604182436,-1.257656291045065,-0.9196708066060183,-1.0178813654973768,-1.9688939051854837,0.23094010767585052,0.44789273574770366,-0.7084498152194062,0.06219405883392808,0.7663987284695665,-1.896682547141818,1.7074694419062766,1.328544543306118,1.0410698456029082,-0.7142362329569328,11,12,10
2.7544430510974687,1.0546560886092877,1.8077131525429595,0.5353923338450645,1.5700039110466426,0.34032221355584186,-1.6000086454402538,-1.3999704661326267,-0.1383618446980032,-2.644811557850296,-1.040598624677352,-1.5917135283881467,-0.6432494670875735,-1.2353507832384072,-0.4499436443692835,-0.38504001604182436,-1.257656291045065,-0.9196708066060183,-1.0178813654973768,0.5078993831847903,0.23094010767585052,0.44789273574770366,-0.7084498152194062,-1.0544719975025107,-1.238419137394531,-0.09790798262556814,1.7074694419062766,0.55109995870476,1.0410698456029082,-0.08868565198578325,8,9,9
